-- MariaDB dump 10.19  Distrib 10.4.32-MariaDB, for Win64 (AMD64)
--
-- Host: localhost    Database: woke_coliving
-- ------------------------------------------------------
-- Server version	10.4.32-MariaDB

/*!40101 SET @OLD_CHARACTER_SET_CLIENT=@@CHARACTER_SET_CLIENT */;
/*!40101 SET @OLD_CHARACTER_SET_RESULTS=@@CHARACTER_SET_RESULTS */;
/*!40101 SET @OLD_COLLATION_CONNECTION=@@COLLATION_CONNECTION */;
/*!40101 SET NAMES utf8mb4 */;
/*!40103 SET @OLD_TIME_ZONE=@@TIME_ZONE */;
/*!40103 SET TIME_ZONE='+00:00' */;
/*!40014 SET @OLD_UNIQUE_CHECKS=@@UNIQUE_CHECKS, UNIQUE_CHECKS=0 */;
/*!40014 SET @OLD_FOREIGN_KEY_CHECKS=@@FOREIGN_KEY_CHECKS, FOREIGN_KEY_CHECKS=0 */;
/*!40101 SET @OLD_SQL_MODE=@@SQL_MODE, SQL_MODE='NO_AUTO_VALUE_ON_ZERO' */;
/*!40111 SET @OLD_SQL_NOTES=@@SQL_NOTES, SQL_NOTES=0 */;

--
-- Table structure for table `activity_logs`
--

DROP TABLE IF EXISTS `activity_logs`;
/*!40101 SET @saved_cs_client     = @@character_set_client */;
/*!40101 SET character_set_client = utf8 */;
CREATE TABLE `activity_logs` (
  `log_id` int(11) NOT NULL AUTO_INCREMENT,
  `user_id` int(11) NOT NULL,
  `action` varchar(100) NOT NULL,
  `details` text DEFAULT NULL,
  `created_at` timestamp NOT NULL DEFAULT current_timestamp(),
  PRIMARY KEY (`log_id`)
) ENGINE=InnoDB AUTO_INCREMENT=94 DEFAULT CHARSET=utf8mb4 COLLATE=utf8mb4_general_ci;
/*!40101 SET character_set_client = @saved_cs_client */;

--
-- Dumping data for table `activity_logs`
--

LOCK TABLES `activity_logs` WRITE;
/*!40000 ALTER TABLE `activity_logs` DISABLE KEYS */;
INSERT INTO `activity_logs` VALUES (1,16,'Lease Signed','Reservation #22','2026-02-07 08:17:42'),(2,16,'Reservation Extended','Room: 6-Bed | Status: Pending','2026-02-07 08:27:32'),(3,17,'Reservation Submitted','Room: 6-Bed | Status: Pending','2026-02-07 08:31:59'),(4,17,'Reservation Approved','Reservation #23 has been approved.','2026-02-07 08:32:05'),(5,17,'Lease Signed','Reservation #23','2026-02-07 08:32:16'),(6,17,'Reservation Extended','Room: 6-Bed | Status: Pending','2026-02-07 08:33:03'),(7,17,'Reservation Extended','Room: 6-Bed | Status: Pending','2026-02-07 08:46:13'),(8,17,'Reservation Approved','Reservation #24 has been approved.','2026-02-07 08:46:22'),(11,17,'Reservation Extended','Room: 6-Bed | Status: Pending','2026-02-07 09:14:06'),(12,17,'Reservation Extended','Contract #24 updated (Merged extension).','2026-02-07 09:14:17'),(13,18,'Reservation Submitted','Room: 4-Bed | Status: Pending','2026-02-07 11:54:14'),(14,18,'Reservation Rejected','Reservation #26 has been cancelled.','2026-02-07 11:54:54'),(15,18,'Reservation Submitted','Room: 6-Bed | Status: Pending','2026-02-07 11:58:40'),(16,18,'Reservation Rejected','Reservation #27 has been cancelled.','2026-02-07 12:00:28'),(17,18,'Reservation Submitted','Room: Single | Status: Pending','2026-02-07 12:05:15'),(18,18,'Reservation Rejected','Reservation #28 has been cancelled.','2026-02-07 12:05:42'),(19,18,'Reservation Submitted','Room: Single | Status: Pending','2026-02-07 12:07:10'),(20,18,'Reservation Approved','Reservation #29 has been approved.','2026-02-07 12:07:20'),(21,18,'Lease Signed','Reservation #29','2026-02-07 12:28:23'),(29,20,'Reservation Submitted','Room: 4-Bed | Status: Pending','2026-02-07 16:52:07'),(30,20,'Reservation Approved','Reservation #31 has been approved.','2026-02-07 16:53:50'),(31,20,'Lease Signed','Reservation #31','2026-02-07 16:54:07'),(35,22,'Reservation Submitted','Room: 4-Bed | Status: Pending','2026-02-07 17:35:30'),(39,22,'Reservation Approved','Reservation #34 has been approved.','2026-02-07 17:36:12'),(40,22,'Lease Signed','Reservation #34','2026-02-07 17:36:32'),(41,16,'Penalty Applied','Late fee of 2.44 applied for Payment #5','2026-02-14 17:33:57'),(42,16,'Penalty Applied','Late fee of 69.98 applied for Payment #11','2026-02-14 17:33:59'),(43,18,'Penalty Applied','Late fee of 235.00 applied for Payment #17','2026-02-14 17:34:01'),(44,18,'Penalty Applied','Late fee of 556.25 applied for Payment #18','2026-02-14 17:34:03'),(45,18,'Penalty Applied','Late fee of 2,100.00 applied for Payment #19','2026-02-14 17:34:05'),(46,18,'Penalty Applied','Late fee of 2,100.00 applied for Payment #20','2026-02-14 17:34:07'),(47,20,'Penalty Applied','Late fee of 1,260.00 applied for Payment #22','2026-02-14 17:34:09'),(48,22,'Penalty Applied','Late fee of 235.00 applied for Payment #25','2026-02-14 17:34:11'),(49,23,'Reservation Submitted','Room: 4-Bed | Status: Pending','2026-02-15 17:03:55'),(50,23,'Reservation Approved','Reservation #35 has been approved.','2026-02-15 17:04:25'),(51,23,'Lease Signed','Reservation #35','2026-02-17 05:35:28'),(52,24,'Account Created','Walk-in account created by Admin','2026-02-17 05:41:42'),(53,24,'Walk-in Booking','Reservation #36 created by Admin','2026-02-17 05:41:42'),(54,25,'Account Created','Walk-in account created by Admin','2026-02-17 05:47:14'),(55,25,'Walk-in Booking','Reservation #37 created by Admin','2026-02-17 05:47:14'),(56,23,'Penalty Applied','Late fee of 1,410.00 applied for Payment #35','2026-02-21 05:30:19'),(57,24,'Contract Completed','Reservation #36 auto-completed (End date passed).','2026-02-22 02:29:05'),(58,26,'Reservation Submitted','Room: 6-Bed | Status: Pending','2026-02-22 02:44:33'),(59,26,'Reservation Approved','Reservation #38 has been approved.','2026-02-22 02:45:47'),(60,26,'Lease Signed','Reservation #38','2026-02-22 02:46:07'),(61,26,'Payment Confirmed','Payment #39 marked as Paid by Admin.','2026-02-22 02:47:01'),(62,24,'Penalty Applied','Late fee of 31.33 applied for Payment #36','2026-02-22 03:09:00'),(63,25,'Penalty Applied','Late fee of 2,820.00 applied for Payment #37','2026-02-22 03:09:02'),(64,27,'Reservation Submitted','Room: 4-Bed | Status: Pending','2026-02-22 03:23:11'),(65,28,'Reservation Submitted','Room: 6-Bed | Status: Pending','2026-02-22 03:38:19'),(66,28,'Reservation Approved','Reservation #40 has been approved.','2026-02-22 03:50:39'),(67,28,'Lease Signed','Reservation #40','2026-02-22 03:51:15'),(68,28,'Reservation Extended','Room: 6-Bed | Status: Pending','2026-02-22 04:01:56'),(69,28,'Reservation Extended','Contract #40 updated (Merged extension).','2026-02-22 04:02:09'),(70,29,'Account Created','Walk-in account created by Admin','2026-02-22 05:44:56'),(71,29,'Walk-in Booking','Reservation #42 created by Admin','2026-02-22 05:44:56'),(72,30,'Account Created','Walk-in account created by Admin','2026-02-22 05:48:55'),(73,30,'Walk-in Booking','Reservation #43 created by Admin','2026-02-22 05:48:55'),(74,31,'Reservation Submitted','Room: 6-Bed | Status: Pending','2026-02-22 06:09:06'),(75,31,'Reservation Approved','Reservation #44 approved. Assigned Room ID: 5','2026-02-22 06:11:34'),(76,31,'Lease Signed','Reservation #44','2026-02-22 06:11:55'),(77,31,'Reservation Extended','Room: 6-Bed | Status: Pending','2026-02-22 06:12:17'),(78,27,'Reservation Approved','Reservation #39 approved. Assigned Room ID: 3','2026-02-22 06:28:17'),(79,31,'Reservation Extended','Contract #44 updated. Assigned Room ID: 5','2026-02-22 07:22:30'),(80,31,'Reservation Extended','Room: 6-Bed | Status: Pending','2026-02-22 07:23:14'),(81,31,'Reservation Extended','Contract #44 updated. Assigned Room ID: 5','2026-02-22 07:24:15'),(82,31,'Reservation Extended','Room: 6-Bed | Status: Pending','2026-02-22 07:24:50'),(83,31,'Reservation Rejected','Reservation #47 has been cancelled.','2026-02-22 07:42:41'),(84,31,'Reservation Extended','Room: 6-Bed | Status: Pending','2026-02-22 07:43:07'),(85,31,'Reservation Cancelled','Reservation #48 auto-expired due to non-payment.','2026-02-23 14:35:56'),(86,34,'Reservation Submitted','Room: 6-Bed | Status: Pending','2026-02-24 03:58:26'),(87,34,'Reservation Verifying','Reservation #49 moved to Verifying status.','2026-02-24 03:59:51'),(88,34,'Payment Confirmed','Payment #53 marked as Paid by Admin.','2026-02-24 04:00:27'),(89,38,'Account Created','Walk-in account created by Admin','2026-02-26 01:25:30'),(90,39,'Account Created','Walk-in account created by Admin','2026-02-26 01:29:12'),(91,39,'Walk-in Booking','Reservation #50 created by Admin','2026-02-26 01:29:12'),(92,40,'Account Created','Walk-in account created by Admin','2026-02-26 01:57:54'),(93,40,'Walk-in Booking','Reservation #51 created by Admin','2026-02-26 01:57:54');
/*!40000 ALTER TABLE `activity_logs` ENABLE KEYS */;
UNLOCK TABLES;

--
-- Table structure for table `admin`
--

DROP TABLE IF EXISTS `admin`;
/*!40101 SET @saved_cs_client     = @@character_set_client */;
/*!40101 SET character_set_client = utf8 */;
CREATE TABLE `admin` (
  `id` int(11) NOT NULL AUTO_INCREMENT,
  `username` varchar(50) NOT NULL,
  `password` varchar(50) NOT NULL,
  PRIMARY KEY (`id`)
) ENGINE=InnoDB AUTO_INCREMENT=3 DEFAULT CHARSET=utf8mb4 COLLATE=utf8mb4_general_ci;
/*!40101 SET character_set_client = @saved_cs_client */;

--
-- Dumping data for table `admin`
--

LOCK TABLES `admin` WRITE;
/*!40000 ALTER TABLE `admin` DISABLE KEYS */;
INSERT INTO `admin` VALUES (1,'admin','admin123');
/*!40000 ALTER TABLE `admin` ENABLE KEYS */;
UNLOCK TABLES;

--
-- Table structure for table `admin_password_history`
--

DROP TABLE IF EXISTS `admin_password_history`;
/*!40101 SET @saved_cs_client     = @@character_set_client */;
/*!40101 SET character_set_client = utf8 */;
CREATE TABLE `admin_password_history` (
  `id` int(11) NOT NULL AUTO_INCREMENT,
  `username` varchar(50) NOT NULL,
  `password` varchar(255) NOT NULL,
  `changed_at` timestamp NOT NULL DEFAULT current_timestamp(),
  PRIMARY KEY (`id`)
) ENGINE=InnoDB DEFAULT CHARSET=utf8mb4 COLLATE=utf8mb4_general_ci;
/*!40101 SET character_set_client = @saved_cs_client */;

--
-- Dumping data for table `admin_password_history`
--

LOCK TABLES `admin_password_history` WRITE;
/*!40000 ALTER TABLE `admin_password_history` DISABLE KEYS */;
/*!40000 ALTER TABLE `admin_password_history` ENABLE KEYS */;
UNLOCK TABLES;

--
-- Table structure for table `housekeeping_requests`
--

DROP TABLE IF EXISTS `housekeeping_requests`;
/*!40101 SET @saved_cs_client     = @@character_set_client */;
/*!40101 SET character_set_client = utf8 */;
CREATE TABLE `housekeeping_requests` (
  `request_id` int(11) NOT NULL AUTO_INCREMENT,
  `user_id` int(11) NOT NULL,
  `room_id` int(11) NOT NULL,
  `description` text NOT NULL,
  `status` enum('Pending','Scheduled','Completed','Cancelled') NOT NULL DEFAULT 'Pending',
  `scheduled_date` date DEFAULT NULL,
  `created_at` timestamp NOT NULL DEFAULT current_timestamp(),
  PRIMARY KEY (`request_id`),
  KEY `user_id` (`user_id`),
  KEY `room_id` (`room_id`),
  CONSTRAINT `fk_hk_room` FOREIGN KEY (`room_id`) REFERENCES `rooms` (`room_id`) ON DELETE CASCADE,
  CONSTRAINT `fk_hk_user` FOREIGN KEY (`user_id`) REFERENCES `users` (`user_id`) ON DELETE CASCADE
) ENGINE=InnoDB AUTO_INCREMENT=9 DEFAULT CHARSET=utf8mb4 COLLATE=utf8mb4_general_ci;
/*!40101 SET character_set_client = @saved_cs_client */;

--
-- Dumping data for table `housekeeping_requests`
--

LOCK TABLES `housekeeping_requests` WRITE;
/*!40000 ALTER TABLE `housekeeping_requests` DISABLE KEYS */;
INSERT INTO `housekeeping_requests` VALUES (6,28,5,'sira ac','Cancelled',NULL,'2026-02-22 04:52:38'),(7,28,5,'magulo','Scheduled','2026-02-22','2026-02-22 04:53:01'),(8,20,3,'Routine Cleaning (Admin Scheduled)','Completed','2026-02-22','2026-02-22 04:53:36');
/*!40000 ALTER TABLE `housekeeping_requests` ENABLE KEYS */;
UNLOCK TABLES;

--
-- Table structure for table `maintenance_requests`
--

DROP TABLE IF EXISTS `maintenance_requests`;
/*!40101 SET @saved_cs_client     = @@character_set_client */;
/*!40101 SET character_set_client = utf8 */;
CREATE TABLE `maintenance_requests` (
  `request_id` int(11) NOT NULL AUTO_INCREMENT,
  `user_id` int(11) NOT NULL,
  `room_id` int(11) NOT NULL,
  `description` text NOT NULL,
  `status` enum('Pending','Scheduled','Completed','Cancelled') DEFAULT 'Pending',
  `scheduled_date` date DEFAULT NULL,
  `created_at` timestamp NOT NULL DEFAULT current_timestamp(),
  PRIMARY KEY (`request_id`),
  KEY `user_id` (`user_id`),
  KEY `room_id` (`room_id`),
  CONSTRAINT `maintenance_requests_ibfk_1` FOREIGN KEY (`user_id`) REFERENCES `users` (`user_id`),
  CONSTRAINT `maintenance_requests_ibfk_2` FOREIGN KEY (`room_id`) REFERENCES `rooms` (`room_id`)
) ENGINE=InnoDB AUTO_INCREMENT=5 DEFAULT CHARSET=utf8mb4 COLLATE=utf8mb4_general_ci;
/*!40101 SET character_set_client = @saved_cs_client */;

--
-- Dumping data for table `maintenance_requests`
--

LOCK TABLES `maintenance_requests` WRITE;
/*!40000 ALTER TABLE `maintenance_requests` DISABLE KEYS */;
/*!40000 ALTER TABLE `maintenance_requests` ENABLE KEYS */;
UNLOCK TABLES;

--
-- Table structure for table `notifications`
--

DROP TABLE IF EXISTS `notifications`;
/*!40101 SET @saved_cs_client     = @@character_set_client */;
/*!40101 SET character_set_client = utf8 */;
CREATE TABLE `notifications` (
  `id` int(11) NOT NULL AUTO_INCREMENT,
  `user_id` varchar(256) NOT NULL,
  `created_at` varchar(256) NOT NULL,
  `is_read` varchar(256) NOT NULL,
  `message` text NOT NULL,
  `type` varchar(50) DEFAULT 'System',
  PRIMARY KEY (`id`)
) ENGINE=InnoDB AUTO_INCREMENT=514 DEFAULT CHARSET=utf8mb4 COLLATE=utf8mb4_general_ci;
/*!40101 SET character_set_client = @saved_cs_client */;

--
-- Dumping data for table `notifications`
--

LOCK TABLES `notifications` WRITE;
/*!40000 ALTER TABLE `notifications` DISABLE KEYS */;
INSERT INTO `notifications` VALUES (1,'16','','1','✅ <strong>Reservation Received!</strong><br>Your booking for <strong>6-Bed</strong> is now <strong>Pending</strong>. Please wait for admin approval.','Booking Status'),(2,'16','','1','✅ <strong>Reservation Received!</strong><br>Your booking for <strong>6-Bed</strong> is now <strong>Pending</strong>. Please wait for admin approval.','Booking Status'),(3,'16','','','✅ <strong>Reservation Received!</strong><br>Your booking for <strong>6-Bed</strong> is now <strong>Pending</strong>. Please wait for admin approval.','Booking Status'),(4,'17','','1','✅ <strong>Reservation Received!</strong><br>Your booking for <strong>6-Bed</strong> is now <strong>Pending</strong>. Please wait for admin approval.','Booking Status'),(5,'17','','1','✅ <strong>Reservation Received!</strong><br>Your booking for <strong>6-Bed</strong> is now <strong>Pending</strong>. Please wait for admin approval.','Booking Status'),(6,'17','','1','✅ <strong>Reservation Received!</strong><br>Your booking for <strong>6-Bed</strong> is now <strong>Pending</strong>. Please wait for admin approval.','Booking Status'),(7,'17','','1','✅ <strong>Reservation Received!</strong><br>Your booking for <strong>6-Bed</strong> is now <strong>Pending</strong>. Please wait for admin approval.','Booking Status'),(8,'18','','1','✅ <strong>Reservation Received!</strong><br>Your booking for <strong>4-Bed</strong> is now <strong>Pending</strong>. Please wait for admin approval.','Booking Status'),(9,'18','','1','✅ <strong>Reservation Received!</strong><br>Your booking for <strong>6-Bed</strong> is now <strong>Pending</strong>. Please wait for admin approval.','Booking Status'),(10,'18','','1','✅ <strong>Reservation Received!</strong><br>Your booking for <strong>Single</strong> is now <strong>Pending</strong>. Please wait for admin approval.','Booking Status'),(11,'18','','1','✅ <strong>Reservation Received!</strong><br>Your booking for <strong>Single</strong> is now <strong>Pending</strong>. Please wait for admin approval.','Booking Status'),(12,'20','','1','✅ <strong>Reservation Received!</strong><br>Your booking for <strong>4-Bed</strong> is now <strong>Pending</strong>. Please wait for admin approval.','Booking Status'),(13,'22','','','✅ <strong>Reservation Received!</strong><br>Your booking for <strong>4-Bed</strong> is now <strong>Pending</strong>. Please wait for admin approval.','Booking Status'),(14,'16','','','⚠️ <strong>Late Payment Penalty</strong><br>A penalty of ₱2.44 has been applied to your account due to overdue payment.','Billing Alert'),(15,'16','','','⚠️ <strong>Late Payment Penalty</strong><br>A penalty of ₱69.98 has been applied to your account due to overdue payment.','Billing Alert'),(16,'18','','','⚠️ <strong>Late Payment Penalty</strong><br>A penalty of ₱235.00 has been applied to your account due to overdue payment.','Billing Alert'),(17,'18','','','⚠️ <strong>Late Payment Penalty</strong><br>A penalty of ₱556.25 has been applied to your account due to overdue payment.','Billing Alert'),(18,'18','','','⚠️ <strong>Late Payment Penalty</strong><br>A penalty of ₱2,100.00 has been applied to your account due to overdue payment.','Billing Alert'),(19,'18','','','⚠️ <strong>Late Payment Penalty</strong><br>A penalty of ₱2,100.00 has been applied to your account due to overdue payment.','Billing Alert'),(20,'20','','','⚠️ <strong>Late Payment Penalty</strong><br>A penalty of ₱1,260.00 has been applied to your account due to overdue payment.','Billing Alert'),(21,'22','','','⚠️ <strong>Late Payment Penalty</strong><br>A penalty of ₱235.00 has been applied to your account due to overdue payment.','Billing Alert'),(22,'23','','1','✅ <strong>Reservation Received!</strong><br>Your booking for <strong>4-Bed</strong> is now <strong>Pending</strong>. Please wait for admin approval.','Booking Status'),(23,'23','','1','🎉 <strong>Reservation Approved!</strong><br>Your booking #35 has been approved. Please proceed to payment or view details.','Booking Approved'),(24,'24','','','⚠️ <strong>Contract Expiring Soon</strong><br>Your stay in <strong>4 Beds</strong> ends on <strong>2026-02-21</strong> (4 days left). Please contact admin to renew.','Expiration Alert'),(25,'24','','','⚠️ <strong>Contract Expiring Soon</strong><br>Your stay in <strong>4 Beds</strong> ends on <strong>2026-02-21</strong> (4 days left). Please contact admin to renew.','Expiration Alert'),(26,'24','','','⚠️ <strong>Contract Expiring Soon</strong><br>Your stay in <strong>4 Beds</strong> ends on <strong>2026-02-21</strong> (4 days left). Please contact admin to renew.','Expiration Alert'),(27,'24','','','⚠️ <strong>Contract Expiring Soon</strong><br>Your stay in <strong>4 Beds</strong> ends on <strong>2026-02-21</strong> (4 days left). Please contact admin to renew.','Expiration Alert'),(28,'24','','','⚠️ <strong>Contract Expiring Soon</strong><br>Your stay in <strong>4 Beds</strong> ends on <strong>2026-02-21</strong> (4 days left). Please contact admin to renew.','Expiration Alert'),(29,'24','','','⚠️ <strong>Contract Expiring Soon</strong><br>Your stay in <strong>4 Beds</strong> ends on <strong>2026-02-21</strong> (4 days left). Please contact admin to renew.','Expiration Alert'),(30,'24','','','⚠️ <strong>Contract Expiring Soon</strong><br>Your stay in <strong>4 Beds</strong> ends on <strong>2026-02-21</strong> (4 days left). Please contact admin to renew.','Expiration Alert'),(31,'24','','','⚠️ <strong>Contract Expiring Soon</strong><br>Your stay in <strong>4 Beds</strong> ends on <strong>2026-02-21</strong> (4 days left). Please contact admin to renew.','Expiration Alert'),(32,'24','','','⚠️ <strong>Contract Expiring Soon</strong><br>Your stay in <strong>4 Beds</strong> ends on <strong>2026-02-21</strong> (4 days left). Please contact admin to renew.','Expiration Alert'),(33,'24','','','⚠️ <strong>Contract Expiring Soon</strong><br>Your stay in <strong>4 Beds</strong> ends on <strong>2026-02-21</strong> (4 days left). Please contact admin to renew.','Expiration Alert'),(34,'24','','','⚠️ <strong>Contract Expiring Soon</strong><br>Your stay in <strong>4 Beds</strong> ends on <strong>2026-02-21</strong> (4 days left). Please contact admin to renew.','Expiration Alert'),(35,'24','','','⚠️ <strong>Contract Expiring Soon</strong><br>Your stay in <strong>4 Beds</strong> ends on <strong>2026-02-21</strong> (4 days left). Please contact admin to renew.','Expiration Alert'),(36,'24','','','⚠️ <strong>Contract Expiring Soon</strong><br>Your stay in <strong>4 Beds</strong> ends on <strong>2026-02-21</strong> (4 days left). Please contact admin to renew.','Expiration Alert'),(37,'24','','','⚠️ <strong>Contract Expiring Soon</strong><br>Your stay in <strong>4 Beds</strong> ends on <strong>2026-02-21</strong> (4 days left). Please contact admin to renew.','Expiration Alert'),(38,'24','','','⚠️ <strong>Contract Expiring Soon</strong><br>Your stay in <strong>4 Beds</strong> ends on <strong>2026-02-21</strong> (4 days left). Please contact admin to renew.','Expiration Alert'),(39,'24','','','⚠️ <strong>Contract Expiring Soon</strong><br>Your stay in <strong>4 Beds</strong> ends on <strong>2026-02-21</strong> (4 days left). Please contact admin to renew.','Expiration Alert'),(40,'24','','','⚠️ <strong>Contract Expiring Soon</strong><br>Your stay in <strong>4 Beds</strong> ends on <strong>2026-02-21</strong> (4 days left). Please contact admin to renew.','Expiration Alert'),(41,'24','','','⚠️ <strong>Contract Expiring Soon</strong><br>Your stay in <strong>4 Beds</strong> ends on <strong>2026-02-21</strong> (4 days left). Please contact admin to renew.','Expiration Alert'),(42,'24','','','⚠️ <strong>Contract Expiring Soon</strong><br>Your stay in <strong>4 Beds</strong> ends on <strong>2026-02-21</strong> (4 days left). Please contact admin to renew.','Expiration Alert'),(43,'24','','','⚠️ <strong>Contract Expiring Soon</strong><br>Your stay in <strong>4 Beds</strong> ends on <strong>2026-02-21</strong> (4 days left). Please contact admin to renew.','Expiration Alert'),(44,'24','','','⚠️ <strong>Contract Expiring Soon</strong><br>Your stay in <strong>4 Beds</strong> ends on <strong>2026-02-21</strong> (4 days left). Please contact admin to renew.','Expiration Alert'),(45,'24','','','⚠️ <strong>Contract Expiring Soon</strong><br>Your stay in <strong>4 Beds</strong> ends on <strong>2026-02-21</strong> (4 days left). Please contact admin to renew.','Expiration Alert'),(46,'24','','','⚠️ <strong>Contract Expiring Soon</strong><br>Your stay in <strong>4 Beds</strong> ends on <strong>2026-02-21</strong> (4 days left). Please contact admin to renew.','Expiration Alert'),(47,'24','','','⚠️ <strong>Contract Expiring Soon</strong><br>Your stay in <strong>4 Beds</strong> ends on <strong>2026-02-21</strong> (4 days left). Please contact admin to renew.','Expiration Alert'),(48,'24','','','⚠️ <strong>Contract Expiring Soon</strong><br>Your stay in <strong>4 Beds</strong> ends on <strong>2026-02-21</strong> (4 days left). Please contact admin to renew.','Expiration Alert'),(49,'24','','','⚠️ <strong>Contract Expiring Soon</strong><br>Your stay in <strong>4 Beds</strong> ends on <strong>2026-02-21</strong> (4 days left). Please contact admin to renew.','Expiration Alert'),(50,'24','','','⚠️ <strong>Contract Expiring Soon</strong><br>Your stay in <strong>4 Beds</strong> ends on <strong>2026-02-21</strong> (4 days left). Please contact admin to renew.','Expiration Alert'),(51,'24','','','⚠️ <strong>Contract Expiring Soon</strong><br>Your stay in <strong>4 Beds</strong> ends on <strong>2026-02-21</strong> (4 days left). Please contact admin to renew.','Expiration Alert'),(52,'24','','','⚠️ <strong>Contract Expiring Soon</strong><br>Your stay in <strong>4 Beds</strong> ends on <strong>2026-02-21</strong> (4 days left). Please contact admin to renew.','Expiration Alert'),(53,'24','','','⚠️ <strong>Contract Expiring Soon</strong><br>Your stay in <strong>4 Beds</strong> ends on <strong>2026-02-21</strong> (4 days left). Please contact admin to renew.','Expiration Alert'),(54,'24','','','⚠️ <strong>Contract Expiring Soon</strong><br>Your stay in <strong>4 Beds</strong> ends on <strong>2026-02-21</strong> (4 days left). Please contact admin to renew.','Expiration Alert'),(55,'24','','','⚠️ <strong>Contract Expiring Soon</strong><br>Your stay in <strong>4 Beds</strong> ends on <strong>2026-02-21</strong> (4 days left). Please contact admin to renew.','Expiration Alert'),(56,'24','','','⚠️ <strong>Contract Expiring Soon</strong><br>Your stay in <strong>4 Beds</strong> ends on <strong>2026-02-21</strong> (4 days left). Please contact admin to renew.','Expiration Alert'),(57,'24','','','⚠️ <strong>Contract Expiring Soon</strong><br>Your stay in <strong>4 Beds</strong> ends on <strong>2026-02-21</strong> (4 days left). Please contact admin to renew.','Expiration Alert'),(58,'24','','','⚠️ <strong>Contract Expiring Soon</strong><br>Your stay in <strong>4 Beds</strong> ends on <strong>2026-02-21</strong> (4 days left). Please contact admin to renew.','Expiration Alert'),(59,'24','','','⚠️ <strong>Contract Expiring Soon</strong><br>Your stay in <strong>4 Beds</strong> ends on <strong>2026-02-21</strong> (4 days left). Please contact admin to renew.','Expiration Alert'),(60,'24','','','⚠️ <strong>Contract Expiring Soon</strong><br>Your stay in <strong>4 Beds</strong> ends on <strong>2026-02-21</strong> (4 days left). Please contact admin to renew.','Expiration Alert'),(61,'24','','','⚠️ <strong>Contract Expiring Soon</strong><br>Your stay in <strong>4 Beds</strong> ends on <strong>2026-02-21</strong> (4 days left). Please contact admin to renew.','Expiration Alert'),(62,'24','','','⚠️ <strong>Contract Expiring Soon</strong><br>Your stay in <strong>4 Beds</strong> ends on <strong>2026-02-21</strong> (4 days left). Please contact admin to renew.','Expiration Alert'),(63,'24','','','⚠️ <strong>Contract Expiring Soon</strong><br>Your stay in <strong>4 Beds</strong> ends on <strong>2026-02-21</strong> (4 days left). Please contact admin to renew.','Expiration Alert'),(64,'24','','','⚠️ <strong>Contract Expiring Soon</strong><br>Your stay in <strong>4 Beds</strong> ends on <strong>2026-02-21</strong> (4 days left). Please contact admin to renew.','Expiration Alert'),(65,'24','','','⚠️ <strong>Contract Expiring Soon</strong><br>Your stay in <strong>4 Beds</strong> ends on <strong>2026-02-21</strong> (4 days left). Please contact admin to renew.','Expiration Alert'),(66,'24','','','⚠️ <strong>Contract Expiring Soon</strong><br>Your stay in <strong>4 Beds</strong> ends on <strong>2026-02-21</strong> (4 days left). Please contact admin to renew.','Expiration Alert'),(67,'24','','','⚠️ <strong>Contract Expiring Soon</strong><br>Your stay in <strong>4 Beds</strong> ends on <strong>2026-02-21</strong> (4 days left). Please contact admin to renew.','Expiration Alert'),(68,'24','','','⚠️ <strong>Contract Expiring Soon</strong><br>Your stay in <strong>4 Beds</strong> ends on <strong>2026-02-21</strong> (4 days left). Please contact admin to renew.','Expiration Alert'),(69,'24','','','⚠️ <strong>Contract Expiring Soon</strong><br>Your stay in <strong>4 Beds</strong> ends on <strong>2026-02-21</strong> (4 days left). Please contact admin to renew.','Expiration Alert'),(70,'24','','','⚠️ <strong>Contract Expiring Soon</strong><br>Your stay in <strong>4 Beds</strong> ends on <strong>2026-02-21</strong> (4 days left). Please contact admin to renew.','Expiration Alert'),(71,'24','','','⚠️ <strong>Contract Expiring Soon</strong><br>Your stay in <strong>4 Beds</strong> ends on <strong>2026-02-21</strong> (4 days left). Please contact admin to renew.','Expiration Alert'),(72,'24','','','⚠️ <strong>Contract Expiring Soon</strong><br>Your stay in <strong>4 Beds</strong> ends on <strong>2026-02-21</strong> (4 days left). Please contact admin to renew.','Expiration Alert'),(73,'24','','','⚠️ <strong>Contract Expiring Soon</strong><br>Your stay in <strong>4 Beds</strong> ends on <strong>2026-02-21</strong> (4 days left). Please contact admin to renew.','Expiration Alert'),(74,'24','','','⚠️ <strong>Contract Expiring Soon</strong><br>Your stay in <strong>4 Beds</strong> ends on <strong>2026-02-21</strong> (4 days left). Please contact admin to renew.','Expiration Alert'),(75,'24','','','⚠️ <strong>Contract Expiring Soon</strong><br>Your stay in <strong>4 Beds</strong> ends on <strong>2026-02-21</strong> (4 days left). Please contact admin to renew.','Expiration Alert'),(76,'24','','','⚠️ <strong>Contract Expiring Soon</strong><br>Your stay in <strong>4 Beds</strong> ends on <strong>2026-02-21</strong> (4 days left). Please contact admin to renew.','Expiration Alert'),(77,'24','','','⚠️ <strong>Contract Expiring Soon</strong><br>Your stay in <strong>4 Beds</strong> ends on <strong>2026-02-21</strong> (4 days left). Please contact admin to renew.','Expiration Alert'),(78,'24','','','⚠️ <strong>Contract Expiring Soon</strong><br>Your stay in <strong>4 Beds</strong> ends on <strong>2026-02-21</strong> (4 days left). Please contact admin to renew.','Expiration Alert'),(79,'24','','','⚠️ <strong>Contract Expiring Soon</strong><br>Your stay in <strong>4 Beds</strong> ends on <strong>2026-02-21</strong> (4 days left). Please contact admin to renew.','Expiration Alert'),(80,'24','','','⚠️ <strong>Contract Expiring Soon</strong><br>Your stay in <strong>4 Beds</strong> ends on <strong>2026-02-21</strong> (4 days left). Please contact admin to renew.','Expiration Alert'),(81,'24','','','⚠️ <strong>Contract Expiring Soon</strong><br>Your stay in <strong>4 Beds</strong> ends on <strong>2026-02-21</strong> (4 days left). Please contact admin to renew.','Expiration Alert'),(82,'24','','','⚠️ <strong>Contract Expiring Soon</strong><br>Your stay in <strong>4 Beds</strong> ends on <strong>2026-02-21</strong> (4 days left). Please contact admin to renew.','Expiration Alert'),(83,'24','','','⚠️ <strong>Contract Expiring Soon</strong><br>Your stay in <strong>4 Beds</strong> ends on <strong>2026-02-21</strong> (4 days left). Please contact admin to renew.','Expiration Alert'),(84,'24','','','⚠️ <strong>Contract Expiring Soon</strong><br>Your stay in <strong>4 Beds</strong> ends on <strong>2026-02-21</strong> (4 days left). Please contact admin to renew.','Expiration Alert'),(85,'24','','','⚠️ <strong>Contract Expiring Soon</strong><br>Your stay in <strong>4 Beds</strong> ends on <strong>2026-02-21</strong> (4 days left). Please contact admin to renew.','Expiration Alert'),(86,'24','','','⚠️ <strong>Contract Expiring Soon</strong><br>Your stay in <strong>4 Beds</strong> ends on <strong>2026-02-21</strong> (4 days left). Please contact admin to renew.','Expiration Alert'),(87,'24','','','⚠️ <strong>Contract Expiring Soon</strong><br>Your stay in <strong>4 Beds</strong> ends on <strong>2026-02-21</strong> (4 days left). Please contact admin to renew.','Expiration Alert'),(88,'24','','','⚠️ <strong>Contract Expiring Soon</strong><br>Your stay in <strong>4 Beds</strong> ends on <strong>2026-02-21</strong> (4 days left). Please contact admin to renew.','Expiration Alert'),(89,'24','','','⚠️ <strong>Contract Expiring Soon</strong><br>Your stay in <strong>4 Beds</strong> ends on <strong>2026-02-21</strong> (4 days left). Please contact admin to renew.','Expiration Alert'),(90,'24','','','⚠️ <strong>Contract Expiring Soon</strong><br>Your stay in <strong>4 Beds</strong> ends on <strong>2026-02-21</strong> (4 days left). Please contact admin to renew.','Expiration Alert'),(91,'24','','','⚠️ <strong>Contract Expiring Soon</strong><br>Your stay in <strong>4 Beds</strong> ends on <strong>2026-02-21</strong> (4 days left). Please contact admin to renew.','Expiration Alert'),(92,'24','','','⚠️ <strong>Contract Expiring Soon</strong><br>Your stay in <strong>4 Beds</strong> ends on <strong>2026-02-21</strong> (4 days left). Please contact admin to renew.','Expiration Alert'),(93,'24','','','⚠️ <strong>Contract Expiring Soon</strong><br>Your stay in <strong>4 Beds</strong> ends on <strong>2026-02-21</strong> (4 days left). Please contact admin to renew.','Expiration Alert'),(94,'24','','','⚠️ <strong>Contract Expiring Soon</strong><br>Your stay in <strong>4 Beds</strong> ends on <strong>2026-02-21</strong> (4 days left). Please contact admin to renew.','Expiration Alert'),(95,'24','','','⚠️ <strong>Contract Expiring Soon</strong><br>Your stay in <strong>4 Beds</strong> ends on <strong>2026-02-21</strong> (4 days left). Please contact admin to renew.','Expiration Alert'),(96,'24','','','⚠️ <strong>Contract Expiring Soon</strong><br>Your stay in <strong>4 Beds</strong> ends on <strong>2026-02-21</strong> (4 days left). Please contact admin to renew.','Expiration Alert'),(97,'24','','','⚠️ <strong>Contract Expiring Soon</strong><br>Your stay in <strong>4 Beds</strong> ends on <strong>2026-02-21</strong> (4 days left). Please contact admin to renew.','Expiration Alert'),(98,'24','','','⚠️ <strong>Contract Expiring Soon</strong><br>Your stay in <strong>4 Beds</strong> ends on <strong>2026-02-21</strong> (4 days left). Please contact admin to renew.','Expiration Alert'),(99,'24','','','⚠️ <strong>Contract Expiring Soon</strong><br>Your stay in <strong>4 Beds</strong> ends on <strong>2026-02-21</strong> (4 days left). Please contact admin to renew.','Expiration Alert'),(100,'24','','','⚠️ <strong>Contract Expiring Soon</strong><br>Your stay in <strong>4 Beds</strong> ends on <strong>2026-02-21</strong> (4 days left). Please contact admin to renew.','Expiration Alert'),(101,'24','','','⚠️ <strong>Contract Expiring Soon</strong><br>Your stay in <strong>4 Beds</strong> ends on <strong>2026-02-21</strong> (-0 days left). Please contact admin to renew.','Expiration Alert'),(102,'23','','','⚠️ <strong>Late Payment Penalty</strong><br>A penalty of ₱1,410.00 has been applied to your account due to overdue payment.','Billing Alert'),(103,'24','','','⚠️ <strong>Contract Expiring Soon</strong><br>Your stay in <strong>4 Beds</strong> ends on <strong>2026-02-21</strong> (-0 days left). Please contact admin to renew.','Expiration Alert'),(104,'24','','','⚠️ <strong>Contract Expiring Soon</strong><br>Your stay in <strong>4 Beds</strong> ends on <strong>2026-02-21</strong> (-0 days left). Please contact admin to renew.','Expiration Alert'),(105,'24','','','⚠️ <strong>Contract Expiring Soon</strong><br>Your stay in <strong>4 Beds</strong> ends on <strong>2026-02-21</strong> (-0 days left). Please contact admin to renew.','Expiration Alert'),(106,'24','','','⚠️ <strong>Contract Expiring Soon</strong><br>Your stay in <strong>4 Beds</strong> ends on <strong>2026-02-21</strong> (-0 days left). Please contact admin to renew.','Expiration Alert'),(107,'24','','','⚠️ <strong>Contract Expiring Soon</strong><br>Your stay in <strong>4 Beds</strong> ends on <strong>2026-02-21</strong> (-0 days left). Please contact admin to renew.','Expiration Alert'),(108,'24','','','⚠️ <strong>Contract Expiring Soon</strong><br>Your stay in <strong>4 Beds</strong> ends on <strong>2026-02-21</strong> (-0 days left). Please contact admin to renew.','Expiration Alert'),(109,'24','','','⚠️ <strong>Contract Expiring Soon</strong><br>Your stay in <strong>4 Beds</strong> ends on <strong>2026-02-21</strong> (-0 days left). Please contact admin to renew.','Expiration Alert'),(110,'24','','','⚠️ <strong>Contract Expiring Soon</strong><br>Your stay in <strong>4 Beds</strong> ends on <strong>2026-02-21</strong> (-0 days left). Please contact admin to renew.','Expiration Alert'),(111,'24','','','⚠️ <strong>Contract Expiring Soon</strong><br>Your stay in <strong>4 Beds</strong> ends on <strong>2026-02-21</strong> (-0 days left). Please contact admin to renew.','Expiration Alert'),(112,'24','','','⚠️ <strong>Contract Expiring Soon</strong><br>Your stay in <strong>4 Beds</strong> ends on <strong>2026-02-21</strong> (-0 days left). Please contact admin to renew.','Expiration Alert'),(113,'24','','','⚠️ <strong>Contract Expiring Soon</strong><br>Your stay in <strong>4 Beds</strong> ends on <strong>2026-02-21</strong> (-0 days left). Please contact admin to renew.','Expiration Alert'),(114,'24','','','⚠️ <strong>Contract Expiring Soon</strong><br>Your stay in <strong>4 Beds</strong> ends on <strong>2026-02-21</strong> (-0 days left). Please contact admin to renew.','Expiration Alert'),(115,'24','','','⚠️ <strong>Contract Expiring Soon</strong><br>Your stay in <strong>4 Beds</strong> ends on <strong>2026-02-21</strong> (-0 days left). Please contact admin to renew.','Expiration Alert'),(116,'24','','','⚠️ <strong>Contract Expiring Soon</strong><br>Your stay in <strong>4 Beds</strong> ends on <strong>2026-02-21</strong> (-0 days left). Please contact admin to renew.','Expiration Alert'),(117,'24','','','⚠️ <strong>Contract Expiring Soon</strong><br>Your stay in <strong>4 Beds</strong> ends on <strong>2026-02-21</strong> (-0 days left). Please contact admin to renew.','Expiration Alert'),(118,'24','','','⚠️ <strong>Contract Expiring Soon</strong><br>Your stay in <strong>4 Beds</strong> ends on <strong>2026-02-21</strong> (-0 days left). Please contact admin to renew.','Expiration Alert'),(119,'24','','','⚠️ <strong>Contract Expiring Soon</strong><br>Your stay in <strong>4 Beds</strong> ends on <strong>2026-02-21</strong> (-0 days left). Please contact admin to renew.','Expiration Alert'),(120,'24','','','⚠️ <strong>Contract Expiring Soon</strong><br>Your stay in <strong>4 Beds</strong> ends on <strong>2026-02-21</strong> (-0 days left). Please contact admin to renew.','Expiration Alert'),(121,'24','','','⚠️ <strong>Contract Expiring Soon</strong><br>Your stay in <strong>4 Beds</strong> ends on <strong>2026-02-21</strong> (-0 days left). Please contact admin to renew.','Expiration Alert'),(122,'24','','','⚠️ <strong>Contract Expiring Soon</strong><br>Your stay in <strong>4 Beds</strong> ends on <strong>2026-02-21</strong> (-0 days left). Please contact admin to renew.','Expiration Alert'),(123,'26','','1','✅ <strong>Reservation Received!</strong><br>Your booking for <strong>6-Bed</strong> is now <strong>Pending</strong>. Please wait for admin approval.','Booking Status'),(124,'26','','1','🎉 <strong>Reservation Approved!</strong><br>Your booking #38 has been approved. Please proceed to payment or view details.','Booking Approved'),(125,'26','','1','⚠️ <strong>Contract Expiring Soon</strong><br>Your stay in <strong>6 Beds</strong> ends on <strong>2026-02-23</strong> (1 days left). Please contact admin to renew.','Expiration Alert'),(126,'26','','1','⚠️ <strong>Contract Expiring Soon</strong><br>Your stay in <strong>6 Beds</strong> ends on <strong>2026-02-23</strong> (1 days left). Please contact admin to renew.','Expiration Alert'),(127,'26','','1','⚠️ <strong>Contract Expiring Soon</strong><br>Your stay in <strong>6 Beds</strong> ends on <strong>2026-02-23</strong> (1 days left). Please contact admin to renew.','Expiration Alert'),(128,'26','','1','⚠️ <strong>Contract Expiring Soon</strong><br>Your stay in <strong>6 Beds</strong> ends on <strong>2026-02-23</strong> (1 days left). Please contact admin to renew.','Expiration Alert'),(129,'26','','1','⚠️ <strong>Contract Expiring Soon</strong><br>Your stay in <strong>6 Beds</strong> ends on <strong>2026-02-23</strong> (1 days left). Please contact admin to renew.','Expiration Alert'),(130,'26','','1','⚠️ <strong>Contract Expiring Soon</strong><br>Your stay in <strong>6 Beds</strong> ends on <strong>2026-02-23</strong> (1 days left). Please contact admin to renew.','Expiration Alert'),(131,'26','','1','⚠️ <strong>Contract Expiring Soon</strong><br>Your stay in <strong>6 Beds</strong> ends on <strong>2026-02-23</strong> (1 days left). Please contact admin to renew.','Expiration Alert'),(132,'26','','1','⚠️ <strong>Contract Expiring Soon</strong><br>Your stay in <strong>6 Beds</strong> ends on <strong>2026-02-23</strong> (1 days left). Please contact admin to renew.','Expiration Alert'),(133,'26','','1','⚠️ <strong>Contract Expiring Soon</strong><br>Your stay in <strong>6 Beds</strong> ends on <strong>2026-02-23</strong> (1 days left). Please contact admin to renew.','Expiration Alert'),(134,'26','','1','⚠️ <strong>Contract Expiring Soon</strong><br>Your stay in <strong>6 Beds</strong> ends on <strong>2026-02-23</strong> (1 days left). Please contact admin to renew.','Expiration Alert'),(135,'26','','1','✅ <strong>Payment Confirmed</strong><br>Your payment #39 has been verified and marked as Paid.','Payment Update'),(136,'26','','1','⚠️ <strong>Contract Expiring Soon</strong><br>Your stay in <strong>6 Beds</strong> ends on <strong>2026-02-23</strong> (1 days left). Please contact admin to renew.','Expiration Alert'),(137,'26','','1','⚠️ <strong>Contract Expiring Soon</strong><br>Your stay in <strong>6 Beds</strong> ends on <strong>2026-02-23</strong> (1 days left). Please contact admin to renew.','Expiration Alert'),(138,'26','','1','⚠️ <strong>Contract Expiring Soon</strong><br>Your stay in <strong>6 Beds</strong> ends on <strong>2026-02-23</strong> (1 days left). Please contact admin to renew.','Expiration Alert'),(139,'26','','1','⚠️ <strong>Contract Expiring Soon</strong><br>Your stay in <strong>6 Beds</strong> ends on <strong>2026-02-23</strong> (1 days left). Please contact admin to renew.','Expiration Alert'),(140,'26','','1','⚠️ <strong>Contract Expiring Soon</strong><br>Your stay in <strong>6 Beds</strong> ends on <strong>2026-02-23</strong> (1 days left). Please contact admin to renew.','Expiration Alert'),(141,'26','','1','⚠️ <strong>Contract Expiring Soon</strong><br>Your stay in <strong>6 Beds</strong> ends on <strong>2026-02-23</strong> (1 days left). Please contact admin to renew.','Expiration Alert'),(142,'26','','1','⚠️ <strong>Contract Expiring Soon</strong><br>Your stay in <strong>6 Beds</strong> ends on <strong>2026-02-23</strong> (1 days left). Please contact admin to renew.','Expiration Alert'),(143,'26','','1','⚠️ <strong>Contract Expiring Soon</strong><br>Your stay in <strong>6 Beds</strong> ends on <strong>2026-02-23</strong> (1 days left). Please contact admin to renew.','Expiration Alert'),(144,'26','','1','⚠️ <strong>Contract Expiring Soon</strong><br>Your stay in <strong>6 Beds</strong> ends on <strong>2026-02-23</strong> (1 days left). Please contact admin to renew.','Expiration Alert'),(145,'26','','1','⚠️ <strong>Contract Expiring Soon</strong><br>Your stay in <strong>6 Beds</strong> ends on <strong>2026-02-23</strong> (1 days left). Please contact admin to renew.','Expiration Alert'),(146,'26','','1','⚠️ <strong>Contract Expiring Soon</strong><br>Your stay in <strong>6 Beds</strong> ends on <strong>2026-02-23</strong> (1 days left). Please contact admin to renew.','Expiration Alert'),(147,'26','','1','⚠️ <strong>Contract Expiring Soon</strong><br>Your stay in <strong>6 Beds</strong> ends on <strong>2026-02-23</strong> (1 days left). Please contact admin to renew.','Expiration Alert'),(148,'26','','1','⚠️ <strong>Contract Expiring Soon</strong><br>Your stay in <strong>6 Beds</strong> ends on <strong>2026-02-23</strong> (1 days left). Please contact admin to renew.','Expiration Alert'),(149,'26','','1','⚠️ <strong>Contract Expiring Soon</strong><br>Your stay in <strong>6 Beds</strong> ends on <strong>2026-02-23</strong> (1 days left). Please contact admin to renew.','Expiration Alert'),(150,'26','','1','⚠️ <strong>Contract Expiring Soon</strong><br>Your stay in <strong>6 Beds</strong> ends on <strong>2026-02-23</strong> (1 days left). Please contact admin to renew.','Expiration Alert'),(151,'26','','1','⚠️ <strong>Contract Expiring Soon</strong><br>Your stay in <strong>6 Beds</strong> ends on <strong>2026-02-23</strong> (1 days left). Please contact admin to renew.','Expiration Alert'),(152,'26','','1','⚠️ <strong>Contract Expiring Soon</strong><br>Your stay in <strong>6 Beds</strong> ends on <strong>2026-02-23</strong> (1 days left). Please contact admin to renew.','Expiration Alert'),(153,'26','','1','⚠️ <strong>Contract Expiring Soon</strong><br>Your stay in <strong>6 Beds</strong> ends on <strong>2026-02-23</strong> (1 days left). Please contact admin to renew.','Expiration Alert'),(154,'26','','1','⚠️ <strong>Contract Expiring Soon</strong><br>Your stay in <strong>6 Beds</strong> ends on <strong>2026-02-23</strong> (1 days left). Please contact admin to renew.','Expiration Alert'),(155,'26','','1','⚠️ <strong>Contract Expiring Soon</strong><br>Your stay in <strong>6 Beds</strong> ends on <strong>2026-02-23</strong> (1 days left). Please contact admin to renew.','Expiration Alert'),(156,'26','','1','⚠️ <strong>Contract Expiring Soon</strong><br>Your stay in <strong>6 Beds</strong> ends on <strong>2026-02-23</strong> (1 days left). Please contact admin to renew.','Expiration Alert'),(157,'26','','1','⚠️ <strong>Contract Expiring Soon</strong><br>Your stay in <strong>6 Beds</strong> ends on <strong>2026-02-23</strong> (1 days left). Please contact admin to renew.','Expiration Alert'),(158,'26','','1','⚠️ <strong>Contract Expiring Soon</strong><br>Your stay in <strong>6 Beds</strong> ends on <strong>2026-02-23</strong> (1 days left). Please contact admin to renew.','Expiration Alert'),(159,'26','','1','⚠️ <strong>Contract Expiring Soon</strong><br>Your stay in <strong>6 Beds</strong> ends on <strong>2026-02-23</strong> (1 days left). Please contact admin to renew.','Expiration Alert'),(160,'26','','1','⚠️ <strong>Contract Expiring Soon</strong><br>Your stay in <strong>6 Beds</strong> ends on <strong>2026-02-23</strong> (1 days left). Please contact admin to renew.','Expiration Alert'),(161,'26','','1','⚠️ <strong>Contract Expiring Soon</strong><br>Your stay in <strong>6 Beds</strong> ends on <strong>2026-02-23</strong> (1 days left). Please contact admin to renew.','Expiration Alert'),(162,'26','','1','⚠️ <strong>Contract Expiring Soon</strong><br>Your stay in <strong>6 Beds</strong> ends on <strong>2026-02-23</strong> (1 days left). Please contact admin to renew.','Expiration Alert'),(163,'26','','1','⚠️ <strong>Contract Expiring Soon</strong><br>Your stay in <strong>6 Beds</strong> ends on <strong>2026-02-23</strong> (1 days left). Please contact admin to renew.','Expiration Alert'),(164,'26','','1','⚠️ <strong>Contract Expiring Soon</strong><br>Your stay in <strong>6 Beds</strong> ends on <strong>2026-02-23</strong> (1 days left). Please contact admin to renew.','Expiration Alert'),(165,'26','','1','⚠️ <strong>Contract Expiring Soon</strong><br>Your stay in <strong>6 Beds</strong> ends on <strong>2026-02-23</strong> (1 days left). Please contact admin to renew.','Expiration Alert'),(166,'26','','1','⚠️ <strong>Contract Expiring Soon</strong><br>Your stay in <strong>6 Beds</strong> ends on <strong>2026-02-23</strong> (1 days left). Please contact admin to renew.','Expiration Alert'),(167,'26','','1','⚠️ <strong>Contract Expiring Soon</strong><br>Your stay in <strong>6 Beds</strong> ends on <strong>2026-02-23</strong> (1 days left). Please contact admin to renew.','Expiration Alert'),(168,'23','','','🧾 <strong>New Utility Bill</strong><br>A bill of ₱9,400.00 has been generated for 2026-02-22.','Billing'),(169,'26','','1','⚠️ <strong>Contract Expiring Soon</strong><br>Your stay in <strong>6 Beds</strong> ends on <strong>2026-02-23</strong> (1 days left). Please contact admin to renew.','Expiration Alert'),(170,'26','','1','⚠️ <strong>Contract Expiring Soon</strong><br>Your stay in <strong>6 Beds</strong> ends on <strong>2026-02-23</strong> (1 days left). Please contact admin to renew.','Expiration Alert'),(171,'26','','1','⚠️ <strong>Contract Expiring Soon</strong><br>Your stay in <strong>6 Beds</strong> ends on <strong>2026-02-23</strong> (1 days left). Please contact admin to renew.','Expiration Alert'),(172,'26','','1','⚠️ <strong>Contract Expiring Soon</strong><br>Your stay in <strong>6 Beds</strong> ends on <strong>2026-02-23</strong> (1 days left). Please contact admin to renew.','Expiration Alert'),(173,'26','','1','⚠️ <strong>Contract Expiring Soon</strong><br>Your stay in <strong>6 Beds</strong> ends on <strong>2026-02-23</strong> (1 days left). Please contact admin to renew.','Expiration Alert'),(174,'26','','1','⚠️ <strong>Contract Expiring Soon</strong><br>Your stay in <strong>6 Beds</strong> ends on <strong>2026-02-23</strong> (1 days left). Please contact admin to renew.','Expiration Alert'),(175,'26','','1','⚠️ <strong>Contract Expiring Soon</strong><br>Your stay in <strong>6 Beds</strong> ends on <strong>2026-02-23</strong> (1 days left). Please contact admin to renew.','Expiration Alert'),(176,'26','','1','⚠️ <strong>Contract Expiring Soon</strong><br>Your stay in <strong>6 Beds</strong> ends on <strong>2026-02-23</strong> (1 days left). Please contact admin to renew.','Expiration Alert'),(177,'26','','1','⚠️ <strong>Contract Expiring Soon</strong><br>Your stay in <strong>6 Beds</strong> ends on <strong>2026-02-23</strong> (1 days left). Please contact admin to renew.','Expiration Alert'),(178,'26','','1','⚠️ <strong>Contract Expiring Soon</strong><br>Your stay in <strong>6 Beds</strong> ends on <strong>2026-02-23</strong> (1 days left). Please contact admin to renew.','Expiration Alert'),(179,'26','','1','⚠️ <strong>Contract Expiring Soon</strong><br>Your stay in <strong>6 Beds</strong> ends on <strong>2026-02-23</strong> (1 days left). Please contact admin to renew.','Expiration Alert'),(180,'26','','1','⚠️ <strong>Contract Expiring Soon</strong><br>Your stay in <strong>6 Beds</strong> ends on <strong>2026-02-23</strong> (1 days left). Please contact admin to renew.','Expiration Alert'),(181,'26','','1','⚠️ <strong>Contract Expiring Soon</strong><br>Your stay in <strong>6 Beds</strong> ends on <strong>2026-02-23</strong> (1 days left). Please contact admin to renew.','Expiration Alert'),(182,'26','','1','⚠️ <strong>Contract Expiring Soon</strong><br>Your stay in <strong>6 Beds</strong> ends on <strong>2026-02-23</strong> (1 days left). Please contact admin to renew.','Expiration Alert'),(183,'26','','1','⚠️ <strong>Contract Expiring Soon</strong><br>Your stay in <strong>6 Beds</strong> ends on <strong>2026-02-23</strong> (1 days left). Please contact admin to renew.','Expiration Alert'),(184,'26','','1','⚠️ <strong>Contract Expiring Soon</strong><br>Your stay in <strong>6 Beds</strong> ends on <strong>2026-02-23</strong> (1 days left). Please contact admin to renew.','Expiration Alert'),(185,'26','','1','⚠️ <strong>Contract Expiring Soon</strong><br>Your stay in <strong>6 Beds</strong> ends on <strong>2026-02-23</strong> (1 days left). Please contact admin to renew.','Expiration Alert'),(186,'26','','1','⚠️ <strong>Contract Expiring Soon</strong><br>Your stay in <strong>6 Beds</strong> ends on <strong>2026-02-23</strong> (1 days left). Please contact admin to renew.','Expiration Alert'),(187,'26','','1','⚠️ <strong>Contract Expiring Soon</strong><br>Your stay in <strong>6 Beds</strong> ends on <strong>2026-02-23</strong> (1 days left). Please contact admin to renew.','Expiration Alert'),(188,'26','','1','⚠️ <strong>Contract Expiring Soon</strong><br>Your stay in <strong>6 Beds</strong> ends on <strong>2026-02-23</strong> (1 days left). Please contact admin to renew.','Expiration Alert'),(189,'26','','1','⚠️ <strong>Contract Expiring Soon</strong><br>Your stay in <strong>6 Beds</strong> ends on <strong>2026-02-23</strong> (1 days left). Please contact admin to renew.','Expiration Alert'),(190,'26','','1','⚠️ <strong>Contract Expiring Soon</strong><br>Your stay in <strong>6 Beds</strong> ends on <strong>2026-02-23</strong> (1 days left). Please contact admin to renew.','Expiration Alert'),(191,'26','','1','⚠️ <strong>Contract Expiring Soon</strong><br>Your stay in <strong>6 Beds</strong> ends on <strong>2026-02-23</strong> (1 days left). Please contact admin to renew.','Expiration Alert'),(192,'26','','1','⚠️ <strong>Contract Expiring Soon</strong><br>Your stay in <strong>6 Beds</strong> ends on <strong>2026-02-23</strong> (1 days left). Please contact admin to renew.','Expiration Alert'),(193,'26','','1','⚠️ <strong>Contract Expiring Soon</strong><br>Your stay in <strong>6 Beds</strong> ends on <strong>2026-02-23</strong> (1 days left). Please contact admin to renew.','Expiration Alert'),(194,'26','','1','⚠️ <strong>Contract Expiring Soon</strong><br>Your stay in <strong>6 Beds</strong> ends on <strong>2026-02-23</strong> (1 days left). Please contact admin to renew.','Expiration Alert'),(195,'26','','1','⚠️ <strong>Contract Expiring Soon</strong><br>Your stay in <strong>6 Beds</strong> ends on <strong>2026-02-23</strong> (1 days left). Please contact admin to renew.','Expiration Alert'),(196,'26','','1','⚠️ <strong>Contract Expiring Soon</strong><br>Your stay in <strong>6 Beds</strong> ends on <strong>2026-02-23</strong> (1 days left). Please contact admin to renew.','Expiration Alert'),(197,'26','','1','⚠️ <strong>Contract Expiring Soon</strong><br>Your stay in <strong>6 Beds</strong> ends on <strong>2026-02-23</strong> (1 days left). Please contact admin to renew.','Expiration Alert'),(198,'26','','1','⚠️ <strong>Contract Expiring Soon</strong><br>Your stay in <strong>6 Beds</strong> ends on <strong>2026-02-23</strong> (1 days left). Please contact admin to renew.','Expiration Alert'),(199,'26','','1','⚠️ <strong>Contract Expiring Soon</strong><br>Your stay in <strong>6 Beds</strong> ends on <strong>2026-02-23</strong> (1 days left). Please contact admin to renew.','Expiration Alert'),(200,'26','','1','⚠️ <strong>Contract Expiring Soon</strong><br>Your stay in <strong>6 Beds</strong> ends on <strong>2026-02-23</strong> (1 days left). Please contact admin to renew.','Expiration Alert'),(201,'26','','1','⚠️ <strong>Contract Expiring Soon</strong><br>Your stay in <strong>6 Beds</strong> ends on <strong>2026-02-23</strong> (1 days left). Please contact admin to renew.','Expiration Alert'),(202,'26','','1','⚠️ <strong>Contract Expiring Soon</strong><br>Your stay in <strong>6 Beds</strong> ends on <strong>2026-02-23</strong> (1 days left). Please contact admin to renew.','Expiration Alert'),(203,'26','','1','⚠️ <strong>Contract Expiring Soon</strong><br>Your stay in <strong>6 Beds</strong> ends on <strong>2026-02-23</strong> (1 days left). Please contact admin to renew.','Expiration Alert'),(204,'26','','1','⚠️ <strong>Contract Expiring Soon</strong><br>Your stay in <strong>6 Beds</strong> ends on <strong>2026-02-23</strong> (1 days left). Please contact admin to renew.','Expiration Alert'),(205,'26','','1','⚠️ <strong>Contract Expiring Soon</strong><br>Your stay in <strong>6 Beds</strong> ends on <strong>2026-02-23</strong> (1 days left). Please contact admin to renew.','Expiration Alert'),(206,'26','','1','⚠️ <strong>Contract Expiring Soon</strong><br>Your stay in <strong>6 Beds</strong> ends on <strong>2026-02-23</strong> (1 days left). Please contact admin to renew.','Expiration Alert'),(207,'26','','1','⚠️ <strong>Contract Expiring Soon</strong><br>Your stay in <strong>6 Beds</strong> ends on <strong>2026-02-23</strong> (1 days left). Please contact admin to renew.','Expiration Alert'),(208,'26','','1','⚠️ <strong>Contract Expiring Soon</strong><br>Your stay in <strong>6 Beds</strong> ends on <strong>2026-02-23</strong> (1 days left). Please contact admin to renew.','Expiration Alert'),(209,'26','','1','⚠️ <strong>Contract Expiring Soon</strong><br>Your stay in <strong>6 Beds</strong> ends on <strong>2026-02-23</strong> (1 days left). Please contact admin to renew.','Expiration Alert'),(210,'26','','1','⚠️ <strong>Contract Expiring Soon</strong><br>Your stay in <strong>6 Beds</strong> ends on <strong>2026-02-23</strong> (1 days left). Please contact admin to renew.','Expiration Alert'),(211,'26','','1','⚠️ <strong>Contract Expiring Soon</strong><br>Your stay in <strong>6 Beds</strong> ends on <strong>2026-02-23</strong> (1 days left). Please contact admin to renew.','Expiration Alert'),(212,'26','','1','⚠️ <strong>Contract Expiring Soon</strong><br>Your stay in <strong>6 Beds</strong> ends on <strong>2026-02-23</strong> (1 days left). Please contact admin to renew.','Expiration Alert'),(213,'26','','1','⚠️ <strong>Contract Expiring Soon</strong><br>Your stay in <strong>6 Beds</strong> ends on <strong>2026-02-23</strong> (1 days left). Please contact admin to renew.','Expiration Alert'),(214,'26','','1','⚠️ <strong>Contract Expiring Soon</strong><br>Your stay in <strong>6 Beds</strong> ends on <strong>2026-02-23</strong> (1 days left). Please contact admin to renew.','Expiration Alert'),(215,'26','','1','⚠️ <strong>Contract Expiring Soon</strong><br>Your stay in <strong>6 Beds</strong> ends on <strong>2026-02-23</strong> (1 days left). Please contact admin to renew.','Expiration Alert'),(216,'26','','1','⚠️ <strong>Contract Expiring Soon</strong><br>Your stay in <strong>6 Beds</strong> ends on <strong>2026-02-23</strong> (1 days left). Please contact admin to renew.','Expiration Alert'),(217,'26','','1','⚠️ <strong>Contract Expiring Soon</strong><br>Your stay in <strong>6 Beds</strong> ends on <strong>2026-02-23</strong> (1 days left). Please contact admin to renew.','Expiration Alert'),(218,'26','','1','⚠️ <strong>Contract Expiring Soon</strong><br>Your stay in <strong>6 Beds</strong> ends on <strong>2026-02-23</strong> (1 days left). Please contact admin to renew.','Expiration Alert'),(219,'26','','1','⚠️ <strong>Contract Expiring Soon</strong><br>Your stay in <strong>6 Beds</strong> ends on <strong>2026-02-23</strong> (1 days left). Please contact admin to renew.','Expiration Alert'),(220,'26','','1','⚠️ <strong>Contract Expiring Soon</strong><br>Your stay in <strong>6 Beds</strong> ends on <strong>2026-02-23</strong> (1 days left). Please contact admin to renew.','Expiration Alert'),(221,'26','','1','⚠️ <strong>Contract Expiring Soon</strong><br>Your stay in <strong>6 Beds</strong> ends on <strong>2026-02-23</strong> (1 days left). Please contact admin to renew.','Expiration Alert'),(222,'26','','1','⚠️ <strong>Contract Expiring Soon</strong><br>Your stay in <strong>6 Beds</strong> ends on <strong>2026-02-23</strong> (1 days left). Please contact admin to renew.','Expiration Alert'),(223,'26','','1','⚠️ <strong>Contract Expiring Soon</strong><br>Your stay in <strong>6 Beds</strong> ends on <strong>2026-02-23</strong> (1 days left). Please contact admin to renew.','Expiration Alert'),(224,'26','','1','⚠️ <strong>Contract Expiring Soon</strong><br>Your stay in <strong>6 Beds</strong> ends on <strong>2026-02-23</strong> (1 days left). Please contact admin to renew.','Expiration Alert'),(225,'26','','1','⚠️ <strong>Contract Expiring Soon</strong><br>Your stay in <strong>6 Beds</strong> ends on <strong>2026-02-23</strong> (1 days left). Please contact admin to renew.','Expiration Alert'),(226,'26','','1','⚠️ <strong>Contract Expiring Soon</strong><br>Your stay in <strong>6 Beds</strong> ends on <strong>2026-02-23</strong> (1 days left). Please contact admin to renew.','Expiration Alert'),(227,'26','','1','⚠️ <strong>Contract Expiring Soon</strong><br>Your stay in <strong>6 Beds</strong> ends on <strong>2026-02-23</strong> (1 days left). Please contact admin to renew.','Expiration Alert'),(228,'26','','1','⚠️ <strong>Contract Expiring Soon</strong><br>Your stay in <strong>6 Beds</strong> ends on <strong>2026-02-23</strong> (1 days left). Please contact admin to renew.','Expiration Alert'),(229,'26','','1','⚠️ <strong>Contract Expiring Soon</strong><br>Your stay in <strong>6 Beds</strong> ends on <strong>2026-02-23</strong> (1 days left). Please contact admin to renew.','Expiration Alert'),(230,'26','','1','⚠️ <strong>Contract Expiring Soon</strong><br>Your stay in <strong>6 Beds</strong> ends on <strong>2026-02-23</strong> (1 days left). Please contact admin to renew.','Expiration Alert'),(231,'26','','1','⚠️ <strong>Contract Expiring Soon</strong><br>Your stay in <strong>6 Beds</strong> ends on <strong>2026-02-23</strong> (1 days left). Please contact admin to renew.','Expiration Alert'),(232,'26','','1','⚠️ <strong>Contract Expiring Soon</strong><br>Your stay in <strong>6 Beds</strong> ends on <strong>2026-02-23</strong> (1 days left). Please contact admin to renew.','Expiration Alert'),(233,'26','','1','⚠️ <strong>Contract Expiring Soon</strong><br>Your stay in <strong>6 Beds</strong> ends on <strong>2026-02-23</strong> (1 days left). Please contact admin to renew.','Expiration Alert'),(234,'26','','1','⚠️ <strong>Contract Expiring Soon</strong><br>Your stay in <strong>6 Beds</strong> ends on <strong>2026-02-23</strong> (1 days left). Please contact admin to renew.','Expiration Alert'),(235,'26','','1','⚠️ <strong>Contract Expiring Soon</strong><br>Your stay in <strong>6 Beds</strong> ends on <strong>2026-02-23</strong> (1 days left). Please contact admin to renew.','Expiration Alert'),(236,'26','','1','⚠️ <strong>Contract Expiring Soon</strong><br>Your stay in <strong>6 Beds</strong> ends on <strong>2026-02-23</strong> (1 days left). Please contact admin to renew.','Expiration Alert'),(237,'26','','1','⚠️ <strong>Contract Expiring Soon</strong><br>Your stay in <strong>6 Beds</strong> ends on <strong>2026-02-23</strong> (1 days left). Please contact admin to renew.','Expiration Alert'),(238,'26','','1','⚠️ <strong>Contract Expiring Soon</strong><br>Your stay in <strong>6 Beds</strong> ends on <strong>2026-02-23</strong> (1 days left). Please contact admin to renew.','Expiration Alert'),(239,'26','','1','⚠️ <strong>Contract Expiring Soon</strong><br>Your stay in <strong>6 Beds</strong> ends on <strong>2026-02-23</strong> (1 days left). Please contact admin to renew.','Expiration Alert'),(240,'26','','1','⚠️ <strong>Contract Expiring Soon</strong><br>Your stay in <strong>6 Beds</strong> ends on <strong>2026-02-23</strong> (1 days left). Please contact admin to renew.','Expiration Alert'),(241,'26','','1','⚠️ <strong>Contract Expiring Soon</strong><br>Your stay in <strong>6 Beds</strong> ends on <strong>2026-02-23</strong> (1 days left). Please contact admin to renew.','Expiration Alert'),(242,'26','','1','⚠️ <strong>Contract Expiring Soon</strong><br>Your stay in <strong>6 Beds</strong> ends on <strong>2026-02-23</strong> (1 days left). Please contact admin to renew.','Expiration Alert'),(243,'26','','1','⚠️ <strong>Contract Expiring Soon</strong><br>Your stay in <strong>6 Beds</strong> ends on <strong>2026-02-23</strong> (1 days left). Please contact admin to renew.','Expiration Alert'),(244,'26','','1','⚠️ <strong>Contract Expiring Soon</strong><br>Your stay in <strong>6 Beds</strong> ends on <strong>2026-02-23</strong> (1 days left). Please contact admin to renew.','Expiration Alert'),(245,'26','','1','⚠️ <strong>Contract Expiring Soon</strong><br>Your stay in <strong>6 Beds</strong> ends on <strong>2026-02-23</strong> (1 days left). Please contact admin to renew.','Expiration Alert'),(246,'26','','1','⚠️ <strong>Contract Expiring Soon</strong><br>Your stay in <strong>6 Beds</strong> ends on <strong>2026-02-23</strong> (1 days left). Please contact admin to renew.','Expiration Alert'),(247,'26','','1','⚠️ <strong>Contract Expiring Soon</strong><br>Your stay in <strong>6 Beds</strong> ends on <strong>2026-02-23</strong> (1 days left). Please contact admin to renew.','Expiration Alert'),(248,'26','','1','⚠️ <strong>Contract Expiring Soon</strong><br>Your stay in <strong>6 Beds</strong> ends on <strong>2026-02-23</strong> (1 days left). Please contact admin to renew.','Expiration Alert'),(249,'26','','1','⚠️ <strong>Contract Expiring Soon</strong><br>Your stay in <strong>6 Beds</strong> ends on <strong>2026-02-23</strong> (1 days left). Please contact admin to renew.','Expiration Alert'),(250,'26','','1','⚠️ <strong>Contract Expiring Soon</strong><br>Your stay in <strong>6 Beds</strong> ends on <strong>2026-02-23</strong> (1 days left). Please contact admin to renew.','Expiration Alert'),(251,'26','','1','⚠️ <strong>Contract Expiring Soon</strong><br>Your stay in <strong>6 Beds</strong> ends on <strong>2026-02-23</strong> (1 days left). Please contact admin to renew.','Expiration Alert'),(252,'26','','1','⚠️ <strong>Contract Expiring Soon</strong><br>Your stay in <strong>6 Beds</strong> ends on <strong>2026-02-23</strong> (1 days left). Please contact admin to renew.','Expiration Alert'),(253,'26','','1','⚠️ <strong>Contract Expiring Soon</strong><br>Your stay in <strong>6 Beds</strong> ends on <strong>2026-02-23</strong> (1 days left). Please contact admin to renew.','Expiration Alert'),(254,'26','','1','⚠️ <strong>Contract Expiring Soon</strong><br>Your stay in <strong>6 Beds</strong> ends on <strong>2026-02-23</strong> (1 days left). Please contact admin to renew.','Expiration Alert'),(255,'26','','1','⚠️ <strong>Contract Expiring Soon</strong><br>Your stay in <strong>6 Beds</strong> ends on <strong>2026-02-23</strong> (1 days left). Please contact admin to renew.','Expiration Alert'),(256,'26','','1','⚠️ <strong>Contract Expiring Soon</strong><br>Your stay in <strong>6 Beds</strong> ends on <strong>2026-02-23</strong> (1 days left). Please contact admin to renew.','Expiration Alert'),(257,'26','','1','⚠️ <strong>Contract Expiring Soon</strong><br>Your stay in <strong>6 Beds</strong> ends on <strong>2026-02-23</strong> (1 days left). Please contact admin to renew.','Expiration Alert'),(258,'26','','1','⚠️ <strong>Contract Expiring Soon</strong><br>Your stay in <strong>6 Beds</strong> ends on <strong>2026-02-23</strong> (1 days left). Please contact admin to renew.','Expiration Alert'),(259,'26','','1','⚠️ <strong>Contract Expiring Soon</strong><br>Your stay in <strong>6 Beds</strong> ends on <strong>2026-02-23</strong> (1 days left). Please contact admin to renew.','Expiration Alert'),(260,'26','','1','⚠️ <strong>Contract Expiring Soon</strong><br>Your stay in <strong>6 Beds</strong> ends on <strong>2026-02-23</strong> (1 days left). Please contact admin to renew.','Expiration Alert'),(261,'26','','1','⚠️ <strong>Contract Expiring Soon</strong><br>Your stay in <strong>6 Beds</strong> ends on <strong>2026-02-23</strong> (1 days left). Please contact admin to renew.','Expiration Alert'),(262,'26','','1','⚠️ <strong>Contract Expiring Soon</strong><br>Your stay in <strong>6 Beds</strong> ends on <strong>2026-02-23</strong> (1 days left). Please contact admin to renew.','Expiration Alert'),(263,'26','','1','⚠️ <strong>Contract Expiring Soon</strong><br>Your stay in <strong>6 Beds</strong> ends on <strong>2026-02-23</strong> (1 days left). Please contact admin to renew.','Expiration Alert'),(264,'26','','1','⚠️ <strong>Contract Expiring Soon</strong><br>Your stay in <strong>6 Beds</strong> ends on <strong>2026-02-23</strong> (1 days left). Please contact admin to renew.','Expiration Alert'),(265,'26','','1','⚠️ <strong>Contract Expiring Soon</strong><br>Your stay in <strong>6 Beds</strong> ends on <strong>2026-02-23</strong> (1 days left). Please contact admin to renew.','Expiration Alert'),(266,'26','','1','⚠️ <strong>Contract Expiring Soon</strong><br>Your stay in <strong>6 Beds</strong> ends on <strong>2026-02-23</strong> (1 days left). Please contact admin to renew.','Expiration Alert'),(267,'26','','1','⚠️ <strong>Contract Expiring Soon</strong><br>Your stay in <strong>6 Beds</strong> ends on <strong>2026-02-23</strong> (1 days left). Please contact admin to renew.','Expiration Alert'),(268,'26','','1','⚠️ <strong>Contract Expiring Soon</strong><br>Your stay in <strong>6 Beds</strong> ends on <strong>2026-02-23</strong> (1 days left). Please contact admin to renew.','Expiration Alert'),(269,'26','','1','⚠️ <strong>Contract Expiring Soon</strong><br>Your stay in <strong>6 Beds</strong> ends on <strong>2026-02-23</strong> (1 days left). Please contact admin to renew.','Expiration Alert'),(270,'26','','1','⚠️ <strong>Contract Expiring Soon</strong><br>Your stay in <strong>6 Beds</strong> ends on <strong>2026-02-23</strong> (1 days left). Please contact admin to renew.','Expiration Alert'),(271,'26','','1','⚠️ <strong>Contract Expiring Soon</strong><br>Your stay in <strong>6 Beds</strong> ends on <strong>2026-02-23</strong> (1 days left). Please contact admin to renew.','Expiration Alert'),(272,'26','','1','⚠️ <strong>Contract Expiring Soon</strong><br>Your stay in <strong>6 Beds</strong> ends on <strong>2026-02-23</strong> (1 days left). Please contact admin to renew.','Expiration Alert'),(273,'26','','1','⚠️ <strong>Contract Expiring Soon</strong><br>Your stay in <strong>6 Beds</strong> ends on <strong>2026-02-23</strong> (1 days left). Please contact admin to renew.','Expiration Alert'),(274,'26','','1','⚠️ <strong>Contract Expiring Soon</strong><br>Your stay in <strong>6 Beds</strong> ends on <strong>2026-02-23</strong> (1 days left). Please contact admin to renew.','Expiration Alert'),(275,'26','','1','⚠️ <strong>Contract Expiring Soon</strong><br>Your stay in <strong>6 Beds</strong> ends on <strong>2026-02-23</strong> (1 days left). Please contact admin to renew.','Expiration Alert'),(276,'26','','1','⚠️ <strong>Contract Expiring Soon</strong><br>Your stay in <strong>6 Beds</strong> ends on <strong>2026-02-23</strong> (1 days left). Please contact admin to renew.','Expiration Alert'),(277,'26','','1','⚠️ <strong>Contract Expiring Soon</strong><br>Your stay in <strong>6 Beds</strong> ends on <strong>2026-02-23</strong> (1 days left). Please contact admin to renew.','Expiration Alert'),(278,'26','','1','⚠️ <strong>Contract Expiring Soon</strong><br>Your stay in <strong>6 Beds</strong> ends on <strong>2026-02-23</strong> (1 days left). Please contact admin to renew.','Expiration Alert'),(279,'26','','1','⚠️ <strong>Contract Expiring Soon</strong><br>Your stay in <strong>6 Beds</strong> ends on <strong>2026-02-23</strong> (1 days left). Please contact admin to renew.','Expiration Alert'),(280,'26','','1','⚠️ <strong>Contract Expiring Soon</strong><br>Your stay in <strong>6 Beds</strong> ends on <strong>2026-02-23</strong> (1 days left). Please contact admin to renew.','Expiration Alert'),(281,'26','','1','⚠️ <strong>Contract Expiring Soon</strong><br>Your stay in <strong>6 Beds</strong> ends on <strong>2026-02-23</strong> (1 days left). Please contact admin to renew.','Expiration Alert'),(282,'26','','1','⚠️ <strong>Contract Expiring Soon</strong><br>Your stay in <strong>6 Beds</strong> ends on <strong>2026-02-23</strong> (1 days left). Please contact admin to renew.','Expiration Alert'),(283,'26','','1','⚠️ <strong>Contract Expiring Soon</strong><br>Your stay in <strong>6 Beds</strong> ends on <strong>2026-02-23</strong> (1 days left). Please contact admin to renew.','Expiration Alert'),(284,'26','','1','⚠️ <strong>Contract Expiring Soon</strong><br>Your stay in <strong>6 Beds</strong> ends on <strong>2026-02-23</strong> (1 days left). Please contact admin to renew.','Expiration Alert'),(285,'26','','1','⚠️ <strong>Contract Expiring Soon</strong><br>Your stay in <strong>6 Beds</strong> ends on <strong>2026-02-23</strong> (1 days left). Please contact admin to renew.','Expiration Alert'),(286,'26','','1','⚠️ <strong>Contract Expiring Soon</strong><br>Your stay in <strong>6 Beds</strong> ends on <strong>2026-02-23</strong> (1 days left). Please contact admin to renew.','Expiration Alert'),(287,'26','','1','⚠️ <strong>Contract Expiring Soon</strong><br>Your stay in <strong>6 Beds</strong> ends on <strong>2026-02-23</strong> (1 days left). Please contact admin to renew.','Expiration Alert'),(288,'26','','1','⚠️ <strong>Contract Expiring Soon</strong><br>Your stay in <strong>6 Beds</strong> ends on <strong>2026-02-23</strong> (1 days left). Please contact admin to renew.','Expiration Alert'),(289,'26','','1','⚠️ <strong>Contract Expiring Soon</strong><br>Your stay in <strong>6 Beds</strong> ends on <strong>2026-02-23</strong> (1 days left). Please contact admin to renew.','Expiration Alert'),(290,'26','','1','⚠️ <strong>Contract Expiring Soon</strong><br>Your stay in <strong>6 Beds</strong> ends on <strong>2026-02-23</strong> (1 days left). Please contact admin to renew.','Expiration Alert'),(291,'26','','1','⚠️ <strong>Contract Expiring Soon</strong><br>Your stay in <strong>6 Beds</strong> ends on <strong>2026-02-23</strong> (1 days left). Please contact admin to renew.','Expiration Alert'),(292,'26','','1','⚠️ <strong>Contract Expiring Soon</strong><br>Your stay in <strong>6 Beds</strong> ends on <strong>2026-02-23</strong> (1 days left). Please contact admin to renew.','Expiration Alert'),(293,'26','','1','⚠️ <strong>Contract Expiring Soon</strong><br>Your stay in <strong>6 Beds</strong> ends on <strong>2026-02-23</strong> (1 days left). Please contact admin to renew.','Expiration Alert'),(294,'26','','1','⚠️ <strong>Contract Expiring Soon</strong><br>Your stay in <strong>6 Beds</strong> ends on <strong>2026-02-23</strong> (1 days left). Please contact admin to renew.','Expiration Alert'),(295,'26','','1','⚠️ <strong>Contract Expiring Soon</strong><br>Your stay in <strong>6 Beds</strong> ends on <strong>2026-02-23</strong> (1 days left). Please contact admin to renew.','Expiration Alert'),(296,'26','','1','⚠️ <strong>Contract Expiring Soon</strong><br>Your stay in <strong>6 Beds</strong> ends on <strong>2026-02-23</strong> (1 days left). Please contact admin to renew.','Expiration Alert'),(297,'26','','1','⚠️ <strong>Contract Expiring Soon</strong><br>Your stay in <strong>6 Beds</strong> ends on <strong>2026-02-23</strong> (1 days left). Please contact admin to renew.','Expiration Alert'),(298,'26','','1','⚠️ <strong>Contract Expiring Soon</strong><br>Your stay in <strong>6 Beds</strong> ends on <strong>2026-02-23</strong> (1 days left). Please contact admin to renew.','Expiration Alert'),(299,'26','','1','⚠️ <strong>Contract Expiring Soon</strong><br>Your stay in <strong>6 Beds</strong> ends on <strong>2026-02-23</strong> (1 days left). Please contact admin to renew.','Expiration Alert'),(300,'26','','1','⚠️ <strong>Contract Expiring Soon</strong><br>Your stay in <strong>6 Beds</strong> ends on <strong>2026-02-23</strong> (1 days left). Please contact admin to renew.','Expiration Alert'),(301,'26','','1','⚠️ <strong>Contract Expiring Soon</strong><br>Your stay in <strong>6 Beds</strong> ends on <strong>2026-02-23</strong> (1 days left). Please contact admin to renew.','Expiration Alert'),(302,'26','','1','⚠️ <strong>Contract Expiring Soon</strong><br>Your stay in <strong>6 Beds</strong> ends on <strong>2026-02-23</strong> (1 days left). Please contact admin to renew.','Expiration Alert'),(303,'26','','1','⚠️ <strong>Contract Expiring Soon</strong><br>Your stay in <strong>6 Beds</strong> ends on <strong>2026-02-23</strong> (1 days left). Please contact admin to renew.','Expiration Alert'),(304,'26','','1','⚠️ <strong>Contract Expiring Soon</strong><br>Your stay in <strong>6 Beds</strong> ends on <strong>2026-02-23</strong> (1 days left). Please contact admin to renew.','Expiration Alert'),(305,'26','','1','⚠️ <strong>Contract Expiring Soon</strong><br>Your stay in <strong>6 Beds</strong> ends on <strong>2026-02-23</strong> (1 days left). Please contact admin to renew.','Expiration Alert'),(306,'26','','1','⚠️ <strong>Contract Expiring Soon</strong><br>Your stay in <strong>6 Beds</strong> ends on <strong>2026-02-23</strong> (1 days left). Please contact admin to renew.','Expiration Alert'),(307,'26','','1','⚠️ <strong>Contract Expiring Soon</strong><br>Your stay in <strong>6 Beds</strong> ends on <strong>2026-02-23</strong> (1 days left). Please contact admin to renew.','Expiration Alert'),(308,'26','','1','⚠️ <strong>Contract Expiring Soon</strong><br>Your stay in <strong>6 Beds</strong> ends on <strong>2026-02-23</strong> (1 days left). Please contact admin to renew.','Expiration Alert'),(309,'26','','1','⚠️ <strong>Contract Expiring Soon</strong><br>Your stay in <strong>6 Beds</strong> ends on <strong>2026-02-23</strong> (1 days left). Please contact admin to renew.','Expiration Alert'),(310,'26','','1','⚠️ <strong>Contract Expiring Soon</strong><br>Your stay in <strong>6 Beds</strong> ends on <strong>2026-02-23</strong> (1 days left). Please contact admin to renew.','Expiration Alert'),(311,'24','','','⚠️ <strong>Late Payment Penalty</strong><br>A penalty of ₱31.33 has been applied to your account due to overdue payment.','Billing Alert'),(312,'25','','','⚠️ <strong>Late Payment Penalty</strong><br>A penalty of ₱2,820.00 has been applied to your account due to overdue payment.','Billing Alert'),(313,'26','','1','⚠️ <strong>Contract Expiring Soon</strong><br>Your stay in <strong>6 Beds</strong> ends on <strong>2026-02-23</strong> (1 days left). Please contact admin to renew.','Expiration Alert'),(314,'26','','1','⚠️ <strong>Contract Expiring Soon</strong><br>Your stay in <strong>6 Beds</strong> ends on <strong>2026-02-23</strong> (1 days left). Please contact admin to renew.','Expiration Alert'),(315,'26','','1','⚠️ <strong>Contract Expiring Soon</strong><br>Your stay in <strong>6 Beds</strong> ends on <strong>2026-02-23</strong> (1 days left). Please contact admin to renew.','Expiration Alert'),(316,'26','','1','⚠️ <strong>Contract Expiring Soon</strong><br>Your stay in <strong>6 Beds</strong> ends on <strong>2026-02-23</strong> (1 days left). Please contact admin to renew.','Expiration Alert'),(317,'26','','1','⚠️ <strong>Contract Expiring Soon</strong><br>Your stay in <strong>6 Beds</strong> ends on <strong>2026-02-23</strong> (1 days left). Please contact admin to renew.','Expiration Alert'),(318,'26','','1','⚠️ <strong>Contract Expiring Soon</strong><br>Your stay in <strong>6 Beds</strong> ends on <strong>2026-02-23</strong> (1 days left). Please contact admin to renew.','Expiration Alert'),(319,'26','','1','⚠️ <strong>Contract Expiring Soon</strong><br>Your stay in <strong>6 Beds</strong> ends on <strong>2026-02-23</strong> (1 days left). Please contact admin to renew.','Expiration Alert'),(320,'26','','1','⚠️ <strong>Contract Expiring Soon</strong><br>Your stay in <strong>6 Beds</strong> ends on <strong>2026-02-23</strong> (1 days left). Please contact admin to renew.','Expiration Alert'),(321,'26','','1','⚠️ <strong>Contract Expiring Soon</strong><br>Your stay in <strong>6 Beds</strong> ends on <strong>2026-02-23</strong> (1 days left). Please contact admin to renew.','Expiration Alert'),(322,'26','','1','⚠️ <strong>Contract Expiring Soon</strong><br>Your stay in <strong>6 Beds</strong> ends on <strong>2026-02-23</strong> (1 days left). Please contact admin to renew.','Expiration Alert'),(323,'26','','1','⚠️ <strong>Contract Expiring Soon</strong><br>Your stay in <strong>6 Beds</strong> ends on <strong>2026-02-23</strong> (1 days left). Please contact admin to renew.','Expiration Alert'),(324,'26','','1','⚠️ <strong>Contract Expiring Soon</strong><br>Your stay in <strong>6 Beds</strong> ends on <strong>2026-02-23</strong> (1 days left). Please contact admin to renew.','Expiration Alert'),(325,'26','','1','⚠️ <strong>Contract Expiring Soon</strong><br>Your stay in <strong>6 Beds</strong> ends on <strong>2026-02-23</strong> (1 days left). Please contact admin to renew.','Expiration Alert'),(326,'26','','1','⚠️ <strong>Contract Expiring Soon</strong><br>Your stay in <strong>6 Beds</strong> ends on <strong>2026-02-23</strong> (1 days left). Please contact admin to renew.','Expiration Alert'),(327,'26','','1','⚠️ <strong>Contract Expiring Soon</strong><br>Your stay in <strong>6 Beds</strong> ends on <strong>2026-02-23</strong> (1 days left). Please contact admin to renew.','Expiration Alert'),(328,'26','','1','⚠️ <strong>Contract Expiring Soon</strong><br>Your stay in <strong>6 Beds</strong> ends on <strong>2026-02-23</strong> (1 days left). Please contact admin to renew.','Expiration Alert'),(329,'26','','1','⚠️ <strong>Contract Expiring Soon</strong><br>Your stay in <strong>6 Beds</strong> ends on <strong>2026-02-23</strong> (1 days left). Please contact admin to renew.','Expiration Alert'),(330,'26','','1','⚠️ <strong>Contract Expiring Soon</strong><br>Your stay in <strong>6 Beds</strong> ends on <strong>2026-02-23</strong> (1 days left). Please contact admin to renew.','Expiration Alert'),(331,'26','','1','⚠️ <strong>Contract Expiring Soon</strong><br>Your stay in <strong>6 Beds</strong> ends on <strong>2026-02-23</strong> (1 days left). Please contact admin to renew.','Expiration Alert'),(332,'26','','1','⚠️ <strong>Contract Expiring Soon</strong><br>Your stay in <strong>6 Beds</strong> ends on <strong>2026-02-23</strong> (1 days left). Please contact admin to renew.','Expiration Alert'),(333,'26','','1','⚠️ <strong>Contract Expiring Soon</strong><br>Your stay in <strong>6 Beds</strong> ends on <strong>2026-02-23</strong> (1 days left). Please contact admin to renew.','Expiration Alert'),(334,'26','','1','⚠️ <strong>Contract Expiring Soon</strong><br>Your stay in <strong>6 Beds</strong> ends on <strong>2026-02-23</strong> (1 days left). Please contact admin to renew.','Expiration Alert'),(335,'26','','1','⚠️ <strong>Contract Expiring Soon</strong><br>Your stay in <strong>6 Beds</strong> ends on <strong>2026-02-23</strong> (1 days left). Please contact admin to renew.','Expiration Alert'),(336,'26','','1','⚠️ <strong>Contract Expiring Soon</strong><br>Your stay in <strong>6 Beds</strong> ends on <strong>2026-02-23</strong> (1 days left). Please contact admin to renew.','Expiration Alert'),(337,'26','','1','⚠️ <strong>Contract Expiring Soon</strong><br>Your stay in <strong>6 Beds</strong> ends on <strong>2026-02-23</strong> (1 days left). Please contact admin to renew.','Expiration Alert'),(338,'26','','1','⚠️ <strong>Contract Expiring Soon</strong><br>Your stay in <strong>6 Beds</strong> ends on <strong>2026-02-23</strong> (1 days left). Please contact admin to renew.','Expiration Alert'),(339,'26','','1','⚠️ <strong>Contract Expiring Soon</strong><br>Your stay in <strong>6 Beds</strong> ends on <strong>2026-02-23</strong> (1 days left). Please contact admin to renew.','Expiration Alert'),(340,'26','','1','⚠️ <strong>Contract Expiring Soon</strong><br>Your stay in <strong>6 Beds</strong> ends on <strong>2026-02-23</strong> (1 days left). Please contact admin to renew.','Expiration Alert'),(341,'26','','1','⚠️ <strong>Contract Expiring Soon</strong><br>Your stay in <strong>6 Beds</strong> ends on <strong>2026-02-23</strong> (1 days left). Please contact admin to renew.','Expiration Alert'),(342,'26','','1','⚠️ <strong>Contract Expiring Soon</strong><br>Your stay in <strong>6 Beds</strong> ends on <strong>2026-02-23</strong> (1 days left). Please contact admin to renew.','Expiration Alert'),(343,'26','','1','⚠️ <strong>Contract Expiring Soon</strong><br>Your stay in <strong>6 Beds</strong> ends on <strong>2026-02-23</strong> (1 days left). Please contact admin to renew.','Expiration Alert'),(344,'26','','1','⚠️ <strong>Contract Expiring Soon</strong><br>Your stay in <strong>6 Beds</strong> ends on <strong>2026-02-23</strong> (1 days left). Please contact admin to renew.','Expiration Alert'),(345,'26','','1','⚠️ <strong>Contract Expiring Soon</strong><br>Your stay in <strong>6 Beds</strong> ends on <strong>2026-02-23</strong> (1 days left). Please contact admin to renew.','Expiration Alert'),(346,'26','','1','⚠️ <strong>Contract Expiring Soon</strong><br>Your stay in <strong>6 Beds</strong> ends on <strong>2026-02-23</strong> (1 days left). Please contact admin to renew.','Expiration Alert'),(347,'26','','1','⚠️ <strong>Contract Expiring Soon</strong><br>Your stay in <strong>6 Beds</strong> ends on <strong>2026-02-23</strong> (1 days left). Please contact admin to renew.','Expiration Alert'),(348,'26','','1','⚠️ <strong>Contract Expiring Soon</strong><br>Your stay in <strong>6 Beds</strong> ends on <strong>2026-02-23</strong> (1 days left). Please contact admin to renew.','Expiration Alert'),(349,'26','','1','⚠️ <strong>Contract Expiring Soon</strong><br>Your stay in <strong>6 Beds</strong> ends on <strong>2026-02-23</strong> (1 days left). Please contact admin to renew.','Expiration Alert'),(350,'26','','1','⚠️ <strong>Contract Expiring Soon</strong><br>Your stay in <strong>6 Beds</strong> ends on <strong>2026-02-23</strong> (1 days left). Please contact admin to renew.','Expiration Alert'),(351,'26','','1','⚠️ <strong>Contract Expiring Soon</strong><br>Your stay in <strong>6 Beds</strong> ends on <strong>2026-02-23</strong> (1 days left). Please contact admin to renew.','Expiration Alert'),(352,'26','','1','⚠️ <strong>Contract Expiring Soon</strong><br>Your stay in <strong>6 Beds</strong> ends on <strong>2026-02-23</strong> (1 days left). Please contact admin to renew.','Expiration Alert'),(353,'26','','1','⚠️ <strong>Contract Expiring Soon</strong><br>Your stay in <strong>6 Beds</strong> ends on <strong>2026-02-23</strong> (1 days left). Please contact admin to renew.','Expiration Alert'),(354,'26','','1','⚠️ <strong>Contract Expiring Soon</strong><br>Your stay in <strong>6 Beds</strong> ends on <strong>2026-02-23</strong> (1 days left). Please contact admin to renew.','Expiration Alert'),(355,'26','','1','⚠️ <strong>Contract Expiring Soon</strong><br>Your stay in <strong>6 Beds</strong> ends on <strong>2026-02-23</strong> (1 days left). Please contact admin to renew.','Expiration Alert'),(356,'26','','1','⚠️ <strong>Contract Expiring Soon</strong><br>Your stay in <strong>6 Beds</strong> ends on <strong>2026-02-23</strong> (1 days left). Please contact admin to renew.','Expiration Alert'),(357,'26','','1','⚠️ <strong>Contract Expiring Soon</strong><br>Your stay in <strong>6 Beds</strong> ends on <strong>2026-02-23</strong> (1 days left). Please contact admin to renew.','Expiration Alert'),(358,'26','','1','⚠️ <strong>Contract Expiring Soon</strong><br>Your stay in <strong>6 Beds</strong> ends on <strong>2026-02-23</strong> (1 days left). Please contact admin to renew.','Expiration Alert'),(359,'26','','1','⚠️ <strong>Contract Expiring Soon</strong><br>Your stay in <strong>6 Beds</strong> ends on <strong>2026-02-23</strong> (1 days left). Please contact admin to renew.','Expiration Alert'),(360,'26','','1','⚠️ <strong>Contract Expiring Soon</strong><br>Your stay in <strong>6 Beds</strong> ends on <strong>2026-02-23</strong> (1 days left). Please contact admin to renew.','Expiration Alert'),(361,'26','','1','⚠️ <strong>Contract Expiring Soon</strong><br>Your stay in <strong>6 Beds</strong> ends on <strong>2026-02-23</strong> (1 days left). Please contact admin to renew.','Expiration Alert'),(362,'26','','1','⚠️ <strong>Contract Expiring Soon</strong><br>Your stay in <strong>6 Beds</strong> ends on <strong>2026-02-23</strong> (1 days left). Please contact admin to renew.','Expiration Alert'),(363,'26','','1','⚠️ <strong>Contract Expiring Soon</strong><br>Your stay in <strong>6 Beds</strong> ends on <strong>2026-02-23</strong> (1 days left). Please contact admin to renew.','Expiration Alert'),(364,'26','','1','⚠️ <strong>Contract Expiring Soon</strong><br>Your stay in <strong>6 Beds</strong> ends on <strong>2026-02-23</strong> (1 days left). Please contact admin to renew.','Expiration Alert'),(365,'26','','1','⚠️ <strong>Contract Expiring Soon</strong><br>Your stay in <strong>6 Beds</strong> ends on <strong>2026-02-23</strong> (1 days left). Please contact admin to renew.','Expiration Alert'),(366,'26','','1','⚠️ <strong>Contract Expiring Soon</strong><br>Your stay in <strong>6 Beds</strong> ends on <strong>2026-02-23</strong> (1 days left). Please contact admin to renew.','Expiration Alert'),(367,'26','','1','⚠️ <strong>Contract Expiring Soon</strong><br>Your stay in <strong>6 Beds</strong> ends on <strong>2026-02-23</strong> (1 days left). Please contact admin to renew.','Expiration Alert'),(368,'26','','1','⚠️ <strong>Contract Expiring Soon</strong><br>Your stay in <strong>6 Beds</strong> ends on <strong>2026-02-23</strong> (1 days left). Please contact admin to renew.','Expiration Alert'),(369,'26','','1','⚠️ <strong>Contract Expiring Soon</strong><br>Your stay in <strong>6 Beds</strong> ends on <strong>2026-02-23</strong> (1 days left). Please contact admin to renew.','Expiration Alert'),(370,'26','','1','⚠️ <strong>Contract Expiring Soon</strong><br>Your stay in <strong>6 Beds</strong> ends on <strong>2026-02-23</strong> (1 days left). Please contact admin to renew.','Expiration Alert'),(371,'26','','1','⚠️ <strong>Contract Expiring Soon</strong><br>Your stay in <strong>6 Beds</strong> ends on <strong>2026-02-23</strong> (1 days left). Please contact admin to renew.','Expiration Alert'),(372,'26','','1','⚠️ <strong>Contract Expiring Soon</strong><br>Your stay in <strong>6 Beds</strong> ends on <strong>2026-02-23</strong> (1 days left). Please contact admin to renew.','Expiration Alert'),(373,'26','','1','⚠️ <strong>Contract Expiring Soon</strong><br>Your stay in <strong>6 Beds</strong> ends on <strong>2026-02-23</strong> (1 days left). Please contact admin to renew.','Expiration Alert'),(374,'26','','1','⚠️ <strong>Contract Expiring Soon</strong><br>Your stay in <strong>6 Beds</strong> ends on <strong>2026-02-23</strong> (1 days left). Please contact admin to renew.','Expiration Alert'),(375,'26','','1','⚠️ <strong>Contract Expiring Soon</strong><br>Your stay in <strong>6 Beds</strong> ends on <strong>2026-02-23</strong> (1 days left). Please contact admin to renew.','Expiration Alert'),(376,'26','','1','⚠️ <strong>Contract Expiring Soon</strong><br>Your stay in <strong>6 Beds</strong> ends on <strong>2026-02-23</strong> (1 days left). Please contact admin to renew.','Expiration Alert'),(377,'26','','1','⚠️ <strong>Contract Expiring Soon</strong><br>Your stay in <strong>6 Beds</strong> ends on <strong>2026-02-23</strong> (1 days left). Please contact admin to renew.','Expiration Alert'),(378,'26','','1','⚠️ <strong>Contract Expiring Soon</strong><br>Your stay in <strong>6 Beds</strong> ends on <strong>2026-02-23</strong> (1 days left). Please contact admin to renew.','Expiration Alert'),(379,'26','','1','⚠️ <strong>Contract Expiring Soon</strong><br>Your stay in <strong>6 Beds</strong> ends on <strong>2026-02-23</strong> (1 days left). Please contact admin to renew.','Expiration Alert'),(380,'26','','1','⚠️ <strong>Contract Expiring Soon</strong><br>Your stay in <strong>6 Beds</strong> ends on <strong>2026-02-23</strong> (1 days left). Please contact admin to renew.','Expiration Alert'),(381,'26','','1','⚠️ <strong>Contract Expiring Soon</strong><br>Your stay in <strong>6 Beds</strong> ends on <strong>2026-02-23</strong> (1 days left). Please contact admin to renew.','Expiration Alert'),(382,'26','','1','⚠️ <strong>Contract Expiring Soon</strong><br>Your stay in <strong>6 Beds</strong> ends on <strong>2026-02-23</strong> (1 days left). Please contact admin to renew.','Expiration Alert'),(383,'26','','1','⚠️ <strong>Contract Expiring Soon</strong><br>Your stay in <strong>6 Beds</strong> ends on <strong>2026-02-23</strong> (1 days left). Please contact admin to renew.','Expiration Alert'),(384,'26','','1','⚠️ <strong>Contract Expiring Soon</strong><br>Your stay in <strong>6 Beds</strong> ends on <strong>2026-02-23</strong> (1 days left). Please contact admin to renew.','Expiration Alert'),(385,'26','','1','⚠️ <strong>Contract Expiring Soon</strong><br>Your stay in <strong>6 Beds</strong> ends on <strong>2026-02-23</strong> (1 days left). Please contact admin to renew.','Expiration Alert'),(386,'26','','1','⚠️ <strong>Contract Expiring Soon</strong><br>Your stay in <strong>6 Beds</strong> ends on <strong>2026-02-23</strong> (1 days left). Please contact admin to renew.','Expiration Alert'),(387,'26','','1','⚠️ <strong>Contract Expiring Soon</strong><br>Your stay in <strong>6 Beds</strong> ends on <strong>2026-02-23</strong> (1 days left). Please contact admin to renew.','Expiration Alert'),(388,'26','','1','⚠️ <strong>Contract Expiring Soon</strong><br>Your stay in <strong>6 Beds</strong> ends on <strong>2026-02-23</strong> (1 days left). Please contact admin to renew.','Expiration Alert'),(389,'26','','1','⚠️ <strong>Contract Expiring Soon</strong><br>Your stay in <strong>6 Beds</strong> ends on <strong>2026-02-23</strong> (1 days left). Please contact admin to renew.','Expiration Alert'),(390,'26','','1','⚠️ <strong>Contract Expiring Soon</strong><br>Your stay in <strong>6 Beds</strong> ends on <strong>2026-02-23</strong> (1 days left). Please contact admin to renew.','Expiration Alert'),(391,'26','','1','⚠️ <strong>Contract Expiring Soon</strong><br>Your stay in <strong>6 Beds</strong> ends on <strong>2026-02-23</strong> (1 days left). Please contact admin to renew.','Expiration Alert'),(392,'26','','1','⚠️ <strong>Contract Expiring Soon</strong><br>Your stay in <strong>6 Beds</strong> ends on <strong>2026-02-23</strong> (1 days left). Please contact admin to renew.','Expiration Alert'),(393,'26','','1','⚠️ <strong>Contract Expiring Soon</strong><br>Your stay in <strong>6 Beds</strong> ends on <strong>2026-02-23</strong> (1 days left). Please contact admin to renew.','Expiration Alert'),(394,'26','','1','⚠️ <strong>Contract Expiring Soon</strong><br>Your stay in <strong>6 Beds</strong> ends on <strong>2026-02-23</strong> (1 days left). Please contact admin to renew.','Expiration Alert'),(395,'26','','1','⚠️ <strong>Contract Expiring Soon</strong><br>Your stay in <strong>6 Beds</strong> ends on <strong>2026-02-23</strong> (1 days left). Please contact admin to renew.','Expiration Alert'),(396,'26','','1','⚠️ <strong>Contract Expiring Soon</strong><br>Your stay in <strong>6 Beds</strong> ends on <strong>2026-02-23</strong> (1 days left). Please contact admin to renew.','Expiration Alert'),(397,'26','','1','⚠️ <strong>Contract Expiring Soon</strong><br>Your stay in <strong>6 Beds</strong> ends on <strong>2026-02-23</strong> (1 days left). Please contact admin to renew.','Expiration Alert'),(398,'26','','1','⚠️ <strong>Contract Expiring Soon</strong><br>Your stay in <strong>6 Beds</strong> ends on <strong>2026-02-23</strong> (1 days left). Please contact admin to renew.','Expiration Alert'),(399,'26','','1','⚠️ <strong>Contract Expiring Soon</strong><br>Your stay in <strong>6 Beds</strong> ends on <strong>2026-02-23</strong> (1 days left). Please contact admin to renew.','Expiration Alert'),(400,'26','','1','⚠️ <strong>Contract Expiring Soon</strong><br>Your stay in <strong>6 Beds</strong> ends on <strong>2026-02-23</strong> (1 days left). Please contact admin to renew.','Expiration Alert'),(401,'26','','1','⚠️ <strong>Contract Expiring Soon</strong><br>Your stay in <strong>6 Beds</strong> ends on <strong>2026-02-23</strong> (1 days left). Please contact admin to renew.','Expiration Alert'),(402,'26','','1','⚠️ <strong>Contract Expiring Soon</strong><br>Your stay in <strong>6 Beds</strong> ends on <strong>2026-02-23</strong> (1 days left). Please contact admin to renew.','Expiration Alert'),(403,'26','','1','⚠️ <strong>Contract Expiring Soon</strong><br>Your stay in <strong>6 Beds</strong> ends on <strong>2026-02-23</strong> (1 days left). Please contact admin to renew.','Expiration Alert'),(404,'26','','1','⚠️ <strong>Contract Expiring Soon</strong><br>Your stay in <strong>6 Beds</strong> ends on <strong>2026-02-23</strong> (1 days left). Please contact admin to renew.','Expiration Alert'),(405,'26','','1','⚠️ <strong>Contract Expiring Soon</strong><br>Your stay in <strong>6 Beds</strong> ends on <strong>2026-02-23</strong> (1 days left). Please contact admin to renew.','Expiration Alert'),(406,'26','','1','⚠️ <strong>Contract Expiring Soon</strong><br>Your stay in <strong>6 Beds</strong> ends on <strong>2026-02-23</strong> (1 days left). Please contact admin to renew.','Expiration Alert'),(407,'26','','1','⚠️ <strong>Contract Expiring Soon</strong><br>Your stay in <strong>6 Beds</strong> ends on <strong>2026-02-23</strong> (1 days left). Please contact admin to renew.','Expiration Alert'),(408,'26','','1','⚠️ <strong>Contract Expiring Soon</strong><br>Your stay in <strong>6 Beds</strong> ends on <strong>2026-02-23</strong> (1 days left). Please contact admin to renew.','Expiration Alert'),(409,'26','','1','⚠️ <strong>Contract Expiring Soon</strong><br>Your stay in <strong>6 Beds</strong> ends on <strong>2026-02-23</strong> (1 days left). Please contact admin to renew.','Expiration Alert'),(410,'26','','1','⚠️ <strong>Contract Expiring Soon</strong><br>Your stay in <strong>6 Beds</strong> ends on <strong>2026-02-23</strong> (1 days left). Please contact admin to renew.','Expiration Alert'),(411,'26','','1','⚠️ <strong>Contract Expiring Soon</strong><br>Your stay in <strong>6 Beds</strong> ends on <strong>2026-02-23</strong> (1 days left). Please contact admin to renew.','Expiration Alert'),(412,'26','','1','⚠️ <strong>Contract Expiring Soon</strong><br>Your stay in <strong>6 Beds</strong> ends on <strong>2026-02-23</strong> (1 days left). Please contact admin to renew.','Expiration Alert'),(413,'26','','1','⚠️ <strong>Contract Expiring Soon</strong><br>Your stay in <strong>6 Beds</strong> ends on <strong>2026-02-23</strong> (1 days left). Please contact admin to renew.','Expiration Alert'),(414,'26','','1','⚠️ <strong>Contract Expiring Soon</strong><br>Your stay in <strong>6 Beds</strong> ends on <strong>2026-02-23</strong> (1 days left). Please contact admin to renew.','Expiration Alert'),(415,'26','','1','⚠️ <strong>Contract Expiring Soon</strong><br>Your stay in <strong>6 Beds</strong> ends on <strong>2026-02-23</strong> (1 days left). Please contact admin to renew.','Expiration Alert'),(416,'26','','1','⚠️ <strong>Contract Expiring Soon</strong><br>Your stay in <strong>6 Beds</strong> ends on <strong>2026-02-23</strong> (1 days left). Please contact admin to renew.','Expiration Alert'),(417,'26','','1','⚠️ <strong>Contract Expiring Soon</strong><br>Your stay in <strong>6 Beds</strong> ends on <strong>2026-02-23</strong> (1 days left). Please contact admin to renew.','Expiration Alert'),(418,'26','','1','⚠️ <strong>Contract Expiring Soon</strong><br>Your stay in <strong>6 Beds</strong> ends on <strong>2026-02-23</strong> (1 days left). Please contact admin to renew.','Expiration Alert'),(419,'26','','1','⚠️ <strong>Contract Expiring Soon</strong><br>Your stay in <strong>6 Beds</strong> ends on <strong>2026-02-23</strong> (1 days left). Please contact admin to renew.','Expiration Alert'),(420,'26','','1','⚠️ <strong>Contract Expiring Soon</strong><br>Your stay in <strong>6 Beds</strong> ends on <strong>2026-02-23</strong> (1 days left). Please contact admin to renew.','Expiration Alert'),(421,'26','','1','⚠️ <strong>Contract Expiring Soon</strong><br>Your stay in <strong>6 Beds</strong> ends on <strong>2026-02-23</strong> (1 days left). Please contact admin to renew.','Expiration Alert'),(422,'26','','1','⚠️ <strong>Contract Expiring Soon</strong><br>Your stay in <strong>6 Beds</strong> ends on <strong>2026-02-23</strong> (1 days left). Please contact admin to renew.','Expiration Alert'),(423,'26','','1','⚠️ <strong>Contract Expiring Soon</strong><br>Your stay in <strong>6 Beds</strong> ends on <strong>2026-02-23</strong> (1 days left). Please contact admin to renew.','Expiration Alert'),(424,'26','','1','⚠️ <strong>Contract Expiring Soon</strong><br>Your stay in <strong>6 Beds</strong> ends on <strong>2026-02-23</strong> (1 days left). Please contact admin to renew.','Expiration Alert'),(425,'26','','1','⚠️ <strong>Contract Expiring Soon</strong><br>Your stay in <strong>6 Beds</strong> ends on <strong>2026-02-23</strong> (1 days left). Please contact admin to renew.','Expiration Alert'),(426,'26','','1','⚠️ <strong>Contract Expiring Soon</strong><br>Your stay in <strong>6 Beds</strong> ends on <strong>2026-02-23</strong> (1 days left). Please contact admin to renew.','Expiration Alert'),(427,'27','','','✅ <strong>Reservation Received!</strong><br>Your booking for <strong>4-Bed</strong> is now <strong>Pending</strong>. Please wait for admin approval.','Booking Status'),(428,'26','','1','⚠️ <strong>Contract Expiring Soon</strong><br>Your stay in <strong>6 Beds</strong> ends on <strong>2026-02-23</strong> (1 days left). Please contact admin to renew.','Expiration Alert'),(429,'27','','','⚠️ <strong>Payment Overdue</strong><br>Payment #43 of ₱140.00 is 1 days overdue. Please pay immediately to avoid penalties.','Payment Warning'),(430,'26','','1','⚠️ <strong>Contract Expiring Soon</strong><br>Your stay in <strong>6 Beds</strong> ends on <strong>2026-02-23</strong> (1 days left). Please contact admin to renew.','Expiration Alert'),(431,'27','','','⚠️ <strong>Payment Overdue</strong><br>Payment #43 of ₱140.00 is 1 days overdue. Please pay immediately to avoid penalties.','Payment Warning'),(432,'26','','1','⚠️ <strong>Contract Expiring Soon</strong><br>Your stay in <strong>6 Beds</strong> ends on <strong>2026-02-23</strong> (1 days left). Please contact admin to renew.','Expiration Alert'),(433,'27','','','⚠️ <strong>Payment Overdue</strong><br>Payment #43 of ₱140.00 is 1 days overdue. Please pay immediately to avoid penalties.','Payment Warning'),(434,'26','','1','⚠️ <strong>Contract Expiring Soon</strong><br>Your stay in <strong>6 Beds</strong> ends on <strong>2026-02-23</strong> (1 days left). Please contact admin to renew.','Expiration Alert'),(435,'27','','','⚠️ <strong>Payment Overdue</strong><br>Payment #43 of ₱140.00 is 1 days overdue. Please pay immediately to avoid penalties.','Payment Warning'),(436,'26','','1','⚠️ <strong>Contract Expiring Soon</strong><br>Your stay in <strong>6 Beds</strong> ends on <strong>2026-02-23</strong> (1 days left). Please contact admin to renew.','Expiration Alert'),(437,'27','','','⚠️ <strong>Payment Overdue</strong><br>Payment #43 of ₱140.00 is 1 days overdue. Please pay immediately to avoid penalties.','Payment Warning'),(438,'26','','1','⚠️ <strong>Contract Expiring Soon</strong><br>Your stay in <strong>6 Beds</strong> ends on <strong>2026-02-23</strong> (1 days left). Please contact admin to renew.','Expiration Alert'),(439,'27','','','⚠️ <strong>Payment Overdue</strong><br>Payment #43 of ₱140.00 is 1 days overdue. Please pay immediately to avoid penalties.','Payment Warning'),(440,'26','','1','⚠️ <strong>Contract Expiring Soon</strong><br>Your stay in <strong>6 Beds</strong> ends on <strong>2026-02-23</strong> (1 days left). Please contact admin to renew.','Expiration Alert'),(441,'27','','','⚠️ <strong>Payment Overdue</strong><br>Payment #43 of ₱140.00 is 1 days overdue. Please pay immediately to avoid penalties.','Payment Warning'),(442,'26','','1','⚠️ <strong>Contract Expiring Soon</strong><br>Your stay in <strong>6 Beds</strong> ends on <strong>2026-02-23</strong> (1 days left). Please contact admin to renew.','Expiration Alert'),(443,'27','','','⚠️ <strong>Payment Overdue</strong><br>Payment #43 of ₱140.00 is 1 days overdue. Please pay immediately to avoid penalties.','Payment Warning'),(444,'26','2026-02-22 11:26:01','1','⚠️ <strong>Contract Expiring Soon</strong><br>Your stay in <strong>6 Beds</strong> ends on <strong>2026-02-23</strong> (1 days left). Please contact admin to renew.','Expiration Alert'),(445,'27','2026-02-22 11:26:03','','⚠️ <strong>Payment Overdue</strong><br>Your payment of ₱140.00 was due on Feb 22, 2026. Please pay immediately to avoid penalties.','Payment Warning'),(446,'28','2026-02-22 11:38:17','1','✅ <strong>Reservation Received!</strong><br>Your booking for <strong>6-Bed</strong> is now <strong>Pending</strong>. Please wait for admin approval.','Booking Status'),(447,'28','2026-02-22 11:38:19','1','⚠️ <strong>Payment Overdue</strong><br>Your payment of ₱22,500.00 was due on Feb 22, 2026. Please pay immediately to avoid penalties.','Payment Warning'),(448,'28','2026-02-22 11:50:39','1','🎉 <strong>Reservation Approved!</strong><br>Your booking #40 has been approved. Please proceed to payment or view details.','Booking Approved'),(449,'28','2026-02-22 12:01:54','1','✅ <strong>Reservation Received!</strong><br>Your booking for <strong>6-Bed</strong> is now <strong>Pending</strong>. Please wait for admin approval.','Booking Status'),(450,'20','2026-02-22 12:53:36','','🧹 <strong>Housekeeping Scheduled</strong><br>Admin has scheduled a routine cleaning for your room on Feb 22, 2026.','Housekeeping'),(451,'29','2026-02-22 13:44:58','','⚠️ <strong>Payment Overdue</strong><br>Your payment of ₱14,000.00 was due on Feb 22, 2026. Please pay immediately to avoid penalties.','Payment Warning'),(452,'30','2026-02-22 13:48:56','','⚠️ <strong>Payment Overdue</strong><br>Your payment of ₱4,700.00 was due on Feb 22, 2026. Please pay immediately to avoid penalties.','Payment Warning'),(453,'31','2026-02-22 14:09:04','1','✅ <strong>Reservation Received!</strong><br>Your booking for <strong>6-Bed</strong> is now <strong>Pending</strong>. Please wait for admin approval.','Booking Status'),(454,'31','2026-02-22 14:09:06','1','⚠️ <strong>Payment Overdue</strong><br>Your payment of ₱4,500.00 was due on Feb 22, 2026. Please pay immediately to avoid penalties.','Payment Warning'),(455,'31','2026-02-22 14:11:34','1','🎉 <strong>Reservation Approved!</strong><br>Your booking has been approved. Please proceed to payment or view details.','Booking Approved'),(456,'31','2026-02-22 14:12:15','1','✅ <strong>Reservation Received!</strong><br>Your booking for <strong>6-Bed</strong> is now <strong>Pending</strong>. Please wait for admin approval.','Booking Status'),(457,'27','2026-02-22 14:28:17','','🎉 <strong>Reservation Approved!</strong><br>Your booking has been approved. Please proceed to payment or view details.','Booking Approved'),(458,'27','2026-02-22 14:28:18','','⚠️ <strong>Contract Expiring Soon</strong><br>Your stay in <strong>4 Beds</strong> ends on <strong>2026-02-23</strong> (1 days left). Please contact admin to renew.','Expiration Alert'),(459,'31','2026-02-22 15:22:30','1','🔄 <strong>Stay Extended!</strong><br>Your extension request has been approved.','Extension Approved'),(460,'31','2026-02-22 15:23:12','1','✅ <strong>Reservation Received!</strong><br>Your booking for <strong>6-Bed</strong> is now <strong>Pending</strong>. Please wait for admin approval.','Booking Status'),(461,'31','2026-02-22 15:24:15','1','🔄 <strong>Stay Extended!</strong><br>Your extension request has been approved.','Extension Approved'),(462,'31','2026-02-22 15:24:48','1','✅ <strong>Reservation Received!</strong><br>Your booking for <strong>6-Bed</strong> is now <strong>Pending</strong>. Please wait for admin approval.','Booking Status'),(463,'27','2026-02-22 15:26:03','','⚠️ <strong>Payment Overdue</strong><br>Your payment of ₱140.00 was due on Feb 22, 2026. Please pay immediately to avoid penalties.','Payment Warning'),(464,'28','2026-02-22 15:38:33','','⚠️ <strong>Payment Overdue</strong><br>Your payment of ₱22,500.00 was due on Feb 22, 2026. Please pay immediately to avoid penalties.','Payment Warning'),(465,'31','2026-02-22 15:42:41','1','❌ <strong>Reservation Rejected</strong><br>Your booking #47 has been cancelled. Please contact support for details.','Booking Rejected'),(466,'31','2026-02-22 15:43:05','1','✅ <strong>Reservation Received!</strong><br>Your booking for <strong>6-Bed</strong> is now <strong>Pending</strong>. Please wait for admin approval.','Booking Status'),(467,'27','2026-02-22 21:31:19','','⚠️ <strong>Contract Expiring Soon</strong><br>Your stay in <strong>4 Beds</strong> ends on <strong>2026-02-23</strong> (1 days left). Please contact admin to renew.','Expiration Alert'),(468,'16','2026-02-22 21:31:21','','⚠️ <strong>Contract Expiring Soon</strong><br>Your stay in <strong>6 Beds</strong> ends on <strong>2026-02-28</strong> (6 days left). Please contact admin to renew.','Expiration Alert'),(469,'26','2026-02-22 21:31:23','','⚠️ <strong>Contract Expiring Soon</strong><br>Your stay in <strong>6 Beds</strong> ends on <strong>2026-02-23</strong> (1 days left). Please contact admin to renew.','Expiration Alert'),(470,'23','2026-02-22 21:31:25','','⚠️ <strong>Payment Overdue</strong><br>Your payment of ₱9,400.00 was due on Feb 22, 2026. Please pay immediately to avoid penalties.','Payment Warning'),(471,'27','2026-02-22 21:31:26','','⚠️ <strong>Payment Overdue</strong><br>Your payment of ₱140.00 was due on Feb 22, 2026. Please pay immediately to avoid penalties.','Payment Warning'),(472,'28','2026-02-22 21:31:27','','⚠️ <strong>Payment Overdue</strong><br>Your payment of ₱22,500.00 was due on Feb 22, 2026. Please pay immediately to avoid penalties.','Payment Warning'),(473,'29','2026-02-22 21:31:28','','⚠️ <strong>Payment Overdue</strong><br>Your payment of ₱14,000.00 was due on Feb 22, 2026. Please pay immediately to avoid penalties.','Payment Warning'),(474,'30','2026-02-22 21:31:29','','⚠️ <strong>Payment Overdue</strong><br>Your payment of ₱4,700.00 was due on Feb 22, 2026. Please pay immediately to avoid penalties.','Payment Warning'),(475,'31','2026-02-22 21:31:30','','⚠️ <strong>Payment Overdue</strong><br>Your payment of ₱4,500.00 was due on Feb 22, 2026. Please pay immediately to avoid penalties.','Payment Warning'),(476,'27','2026-02-23 22:35:56','','⚠️ <strong>Contract Expiring Soon</strong><br>Your stay in <strong>4 Beds</strong> ends on <strong>2026-02-23</strong> (-0 days left). Please contact admin to renew.','Expiration Alert'),(477,'16','2026-02-23 22:35:58','','⚠️ <strong>Contract Expiring Soon</strong><br>Your stay in <strong>6 Beds</strong> ends on <strong>2026-02-28</strong> (5 days left). Please contact admin to renew.','Expiration Alert'),(478,'26','2026-02-23 22:36:01','','⚠️ <strong>Contract Expiring Soon</strong><br>Your stay in <strong>6 Beds</strong> ends on <strong>2026-02-23</strong> (-0 days left). Please contact admin to renew.','Expiration Alert'),(479,'23','2026-02-23 22:36:03','','⚠️ <strong>Payment Overdue</strong><br>Your payment of ₱9,400.00 was due on Feb 22, 2026. Please pay immediately to avoid penalties.','Payment Warning'),(480,'27','2026-02-23 22:36:05','','⚠️ <strong>Payment Overdue</strong><br>Your payment of ₱140.00 was due on Feb 22, 2026. Please pay immediately to avoid penalties.','Payment Warning'),(481,'28','2026-02-23 22:36:07','','⚠️ <strong>Payment Overdue</strong><br>Your payment of ₱22,500.00 was due on Feb 22, 2026. Please pay immediately to avoid penalties.','Payment Warning'),(482,'29','2026-02-23 22:36:09','','⚠️ <strong>Payment Overdue</strong><br>Your payment of ₱14,000.00 was due on Feb 22, 2026. Please pay immediately to avoid penalties.','Payment Warning'),(483,'30','2026-02-23 22:36:11','','⚠️ <strong>Payment Overdue</strong><br>Your payment of ₱4,700.00 was due on Feb 22, 2026. Please pay immediately to avoid penalties.','Payment Warning'),(484,'31','2026-02-23 22:36:13','','⚠️ <strong>Payment Overdue</strong><br>Your payment of ₱4,500.00 was due on Feb 22, 2026. Please pay immediately to avoid penalties.','Payment Warning'),(485,'16','2026-02-24 11:35:56','','⚠️ <strong>Contract Expiring Soon</strong><br>Your stay in <strong>6 Beds</strong> ends on <strong>2026-02-28</strong> (4 days left). Please contact admin to renew.','Expiration Alert'),(486,'23','2026-02-24 11:35:56','','⚠️ <strong>Payment Overdue</strong><br>Your payment of ₱9,400.00 was due on Feb 22, 2026. Please pay immediately to avoid penalties.','Payment Warning'),(487,'27','2026-02-24 11:35:58','','⚠️ <strong>Payment Overdue</strong><br>Your payment of ₱140.00 was due on Feb 22, 2026. Please pay immediately to avoid penalties.','Payment Warning'),(488,'28','2026-02-24 11:35:58','','⚠️ <strong>Payment Overdue</strong><br>Your payment of ₱22,500.00 was due on Feb 22, 2026. Please pay immediately to avoid penalties.','Payment Warning'),(489,'29','2026-02-24 11:36:00','','⚠️ <strong>Payment Overdue</strong><br>Your payment of ₱14,000.00 was due on Feb 22, 2026. Please pay immediately to avoid penalties.','Payment Warning'),(490,'30','2026-02-24 11:36:00','','⚠️ <strong>Payment Overdue</strong><br>Your payment of ₱4,700.00 was due on Feb 22, 2026. Please pay immediately to avoid penalties.','Payment Warning'),(491,'31','2026-02-24 11:36:02','','⚠️ <strong>Payment Overdue</strong><br>Your payment of ₱4,500.00 was due on Feb 22, 2026. Please pay immediately to avoid penalties.','Payment Warning'),(492,'34','2026-02-24 11:58:24','1','✅ <strong>Reservation Received!</strong><br>Your booking for <strong>6-Bed</strong> is now <strong>Pending</strong>. Please wait for admin approval.','Booking Status'),(493,'34','2026-02-24 11:58:27','1','⚠️ <strong>Payment Overdue</strong><br>Your payment of ₱3,750.00 was due on Feb 24, 2026. Please pay immediately to avoid penalties.','Payment Warning'),(494,'34','2026-02-24 11:59:52','1','🔍 <strong>Reservation Verifying</strong><br>Your booking #49 is now being verified. Please ensure payment and lease signing are completed.','Booking Update'),(495,'34','2026-02-24 12:00:27','1','✅ <strong>Payment Confirmed</strong><br>Your payment #53 has been verified and marked as Paid.','Payment Update'),(496,'16','2026-02-26 09:12:16','','⚠️ <strong>Contract Expiring Soon</strong><br>Your stay in <strong>6 Beds</strong> ends on <strong>2026-02-28</strong> (2 days left). Please contact admin to renew.','Expiration Alert'),(497,'23','2026-02-26 09:12:18','','⚠️ <strong>Payment Overdue</strong><br>Your payment of ₱9,400.00 was due on Feb 22, 2026. Please pay immediately to avoid penalties.','Payment Warning'),(498,'27','2026-02-26 09:12:20','','⚠️ <strong>Payment Overdue</strong><br>Your payment of ₱140.00 was due on Feb 22, 2026. Please pay immediately to avoid penalties.','Payment Warning'),(499,'28','2026-02-26 09:12:22','','⚠️ <strong>Payment Overdue</strong><br>Your payment of ₱22,500.00 was due on Feb 22, 2026. Please pay immediately to avoid penalties.','Payment Warning'),(500,'29','2026-02-26 09:12:24','','⚠️ <strong>Payment Overdue</strong><br>Your payment of ₱14,000.00 was due on Feb 22, 2026. Please pay immediately to avoid penalties.','Payment Warning'),(501,'30','2026-02-26 09:12:26','','⚠️ <strong>Payment Overdue</strong><br>Your payment of ₱4,700.00 was due on Feb 22, 2026. Please pay immediately to avoid penalties.','Payment Warning'),(502,'31','2026-02-26 09:12:28','','⚠️ <strong>Payment Overdue</strong><br>Your payment of ₱4,500.00 was due on Feb 22, 2026. Please pay immediately to avoid penalties.','Payment Warning'),(503,'39','2026-02-26 09:29:14','','⚠️ <strong>Payment Overdue</strong><br>Your payment of ₱4,700.00 was due on Feb 26, 2026. Please pay immediately to avoid penalties.','Payment Warning'),(504,'40','2026-02-26 09:57:57','','⚠️ <strong>Payment Overdue</strong><br>Your payment of ₱28,200.00 was due on Feb 26, 2026. Please pay immediately to avoid penalties.','Payment Warning'),(505,'16','2026-02-26 21:31:34','','⚠️ <strong>Contract Expiring Soon</strong><br>Your stay in <strong>6 Beds</strong> ends on <strong>2026-02-28</strong> (2 days left). Please contact admin to renew.','Expiration Alert'),(506,'23','2026-02-26 21:31:35','','⚠️ <strong>Payment Overdue</strong><br>Your payment of ₱9,400.00 was due on Feb 22, 2026. Please pay immediately to avoid penalties.','Payment Warning'),(507,'27','2026-02-26 21:31:36','','⚠️ <strong>Payment Overdue</strong><br>Your payment of ₱140.00 was due on Feb 22, 2026. Please pay immediately to avoid penalties.','Payment Warning'),(508,'28','2026-02-26 21:31:37','','⚠️ <strong>Payment Overdue</strong><br>Your payment of ₱22,500.00 was due on Feb 22, 2026. Please pay immediately to avoid penalties.','Payment Warning'),(509,'29','2026-02-26 21:31:38','','⚠️ <strong>Payment Overdue</strong><br>Your payment of ₱14,000.00 was due on Feb 22, 2026. Please pay immediately to avoid penalties.','Payment Warning'),(510,'30','2026-02-26 21:31:39','','⚠️ <strong>Payment Overdue</strong><br>Your payment of ₱4,700.00 was due on Feb 22, 2026. Please pay immediately to avoid penalties.','Payment Warning'),(511,'31','2026-02-26 21:31:40','','⚠️ <strong>Payment Overdue</strong><br>Your payment of ₱4,500.00 was due on Feb 22, 2026. Please pay immediately to avoid penalties.','Payment Warning'),(512,'39','2026-02-26 21:31:41','','⚠️ <strong>Payment Overdue</strong><br>Your payment of ₱4,700.00 was due on Feb 26, 2026. Please pay immediately to avoid penalties.','Payment Warning'),(513,'40','2026-02-26 21:31:42','','⚠️ <strong>Payment Overdue</strong><br>Your payment of ₱28,200.00 was due on Feb 26, 2026. Please pay immediately to avoid penalties.','Payment Warning');
/*!40000 ALTER TABLE `notifications` ENABLE KEYS */;
UNLOCK TABLES;

--
-- Table structure for table `payments`
--

DROP TABLE IF EXISTS `payments`;
/*!40101 SET @saved_cs_client     = @@character_set_client */;
/*!40101 SET character_set_client = utf8 */;
CREATE TABLE `payments` (
  `payment_id` int(11) NOT NULL AUTO_INCREMENT,
  `reservation_id` int(11) NOT NULL,
  `amount` decimal(10,2) NOT NULL,
  `payment_method` enum('Cash','GCash','Bank Transfer') DEFAULT NULL,
  `payment_status` enum('Unpaid','Paid') DEFAULT 'Unpaid',
  `payment_date` timestamp NULL DEFAULT NULL,
  `reference_number` varchar(100) DEFAULT NULL,
  `proof_image` varchar(255) DEFAULT NULL,
  `description` varchar(255) DEFAULT 'Room Payment',
  `is_penalized` tinyint(1) DEFAULT 0,
  PRIMARY KEY (`payment_id`),
  KEY `reservation_id` (`reservation_id`),
  CONSTRAINT `payments_ibfk_1` FOREIGN KEY (`reservation_id`) REFERENCES `reservations` (`reservation_id`)
) ENGINE=InnoDB AUTO_INCREMENT=56 DEFAULT CHARSET=utf8mb4 COLLATE=utf8mb4_general_ci;
/*!40101 SET character_set_client = @saved_cs_client */;

--
-- Dumping data for table `payments`
--

LOCK TABLES `payments` WRITE;
/*!40000 ALTER TABLE `payments` DISABLE KEYS */;
INSERT INTO `payments` VALUES (5,17,48.78,'Cash','Paid','2026-02-22 02:36:51',NULL,NULL,'Room Payment',1),(6,18,35.69,'GCash','Paid','2026-02-07 07:14:48','434423423','1770448488_Gcashqr.jfif','Room Payment',0),(7,19,2099.30,'GCash','Paid','2026-02-07 07:19:31','09876312','1770448771_Gcashqr.jfif','Room Payment',0),(8,20,2799.07,'GCash','Paid','2026-02-07 07:53:55','09876312','1770450835_Gcashqr.jfif','Room Payment',0),(9,21,2799.07,'GCash','Paid','2026-02-07 07:55:23','09876312','1770450923_Gcashqr.jfif','Room Payment',0),(10,22,2799.07,'GCash','Paid','2026-02-07 07:56:54','09876312','1770451014_Gcashqr.jfif','Room Payment',0),(11,22,1399.53,'Cash','Paid','2026-02-22 02:37:03',NULL,NULL,'Room Payment',1),(12,22,1199.60,'GCash','Paid','2026-02-07 08:27:30','09876312','1770452850_Gcashqr.jfif','Room Payment',0),(13,23,2099.30,'GCash','Paid','2026-02-07 08:31:57','098763122','1770453117_Gcashqr.jfif','Room Payment',0),(14,23,3098.97,'GCash','Paid','2026-02-07 08:33:01','09876312','1770453181_Gcashqr.jfif','Room Payment',0),(15,24,2899.03,'GCash','Paid','2026-02-07 08:46:11','09876312','1770453971_Gcashqr.jfif','Room Payment',0),(16,24,1699.43,'GCash','Paid','2026-02-07 09:14:04','09876312','1770455644_Gcashqr.jfif','Room Payment',0),(17,26,4700.00,'Cash','Unpaid','2026-02-07 11:54:12',NULL,NULL,'Room Payment',1),(18,27,11125.00,'Cash','Unpaid','2026-02-07 11:58:38',NULL,NULL,'Room Payment',1),(19,28,42000.00,'Cash','Unpaid','2026-02-07 12:05:13',NULL,NULL,'Room Payment',1),(20,29,42000.00,'Cash','Unpaid','2026-02-07 12:07:08',NULL,NULL,'Room Payment',1),(22,31,25200.00,'Cash','Unpaid','2026-02-07 16:52:05',NULL,NULL,'Room Payment',1),(25,34,4700.00,'Cash','Unpaid','2026-02-07 17:35:28',NULL,NULL,'Room Payment',1),(27,17,2.44,'','Paid','2026-02-22 02:43:48',NULL,NULL,'Late Penalty (5%) for Payment #5',0),(28,22,69.98,'','Paid','2026-02-22 02:43:48',NULL,NULL,'Late Penalty (5%) for Payment #11',0),(29,26,235.00,'','Unpaid','2026-02-14 17:34:01',NULL,NULL,'Late Penalty (5%) for Payment #17',0),(30,27,556.25,'','Unpaid','2026-02-14 17:34:03',NULL,NULL,'Late Penalty (5%) for Payment #18',0),(31,28,2100.00,'','Unpaid','2026-02-14 17:34:05',NULL,NULL,'Late Penalty (5%) for Payment #19',0),(32,29,2100.00,'','Unpaid','2026-02-14 17:34:07',NULL,NULL,'Late Penalty (5%) for Payment #20',0),(33,31,1260.00,'','Unpaid','2026-02-14 17:34:09',NULL,NULL,'Late Penalty (5%) for Payment #22',0),(34,34,235.00,'','Unpaid','2026-02-14 17:34:11',NULL,NULL,'Late Penalty (5%) for Payment #25',0),(35,35,28200.00,'Cash','Unpaid','2026-02-15 17:03:53',NULL,NULL,'Room Payment',1),(36,36,626.67,'Cash','Unpaid','2026-02-17 05:41:42',NULL,NULL,'Room Payment',1),(37,37,56400.00,'Cash','Unpaid','2026-02-17 05:47:14',NULL,NULL,'Room Payment',1),(38,35,1410.00,'','Unpaid','2026-02-21 05:30:19',NULL,NULL,'Late Penalty (5%) for Payment #35',0),(39,38,125.00,'Cash','Paid','2026-02-22 02:47:01',NULL,NULL,'Room Payment',0),(40,35,9400.00,'Cash','Unpaid','2026-02-22 02:58:16',NULL,NULL,'Utility Bill (2026-02-22) - Elec: 200kw, Water: 200m3',0),(41,36,31.33,'','Unpaid','2026-02-22 03:09:00',NULL,NULL,'Late Penalty (5%) for Payment #36',0),(42,37,2820.00,'','Unpaid','2026-02-22 03:09:02',NULL,NULL,'Late Penalty (5%) for Payment #37',0),(43,39,140.00,'Cash','Unpaid','2026-02-22 03:23:09',NULL,NULL,'Room Payment',0),(44,40,22500.00,'Cash','Unpaid','2026-02-22 03:38:17',NULL,NULL,'Room Payment',0),(45,40,300.00,'Cash','Unpaid','2026-02-22 04:01:54',NULL,NULL,'Room Payment',0),(46,42,14000.00,'Cash','Unpaid','2026-02-22 05:44:56',NULL,NULL,'Room Payment',0),(47,43,4700.00,'Cash','Unpaid','2026-02-22 05:48:55',NULL,NULL,'Room Payment',0),(48,44,4500.00,'Cash','Unpaid','2026-02-22 06:09:04',NULL,NULL,'Room Payment',0),(49,44,300.00,'Cash','Unpaid','2026-02-22 06:12:15',NULL,NULL,'Room Payment',0),(50,44,300.00,'Cash','Unpaid','2026-02-22 07:23:12',NULL,NULL,'Room Payment',0),(51,47,300.00,'Cash','Unpaid','2026-02-22 07:24:48',NULL,NULL,'Room Payment',0),(52,48,300.00,'Cash','Unpaid','2026-02-22 07:43:05',NULL,NULL,'Room Payment',0),(53,49,3750.00,'Cash','Paid','2026-02-24 04:00:27',NULL,NULL,'Room Payment',0),(54,50,4700.00,'Cash','Unpaid','2026-02-26 01:29:12',NULL,NULL,'Room Payment',0),(55,51,28200.00,'Cash','Unpaid','2026-02-26 01:57:54',NULL,NULL,'Room Payment',0);
/*!40000 ALTER TABLE `payments` ENABLE KEYS */;
UNLOCK TABLES;

--
-- Table structure for table `reservations`
--

DROP TABLE IF EXISTS `reservations`;
/*!40101 SET @saved_cs_client     = @@character_set_client */;
/*!40101 SET character_set_client = utf8 */;
CREATE TABLE `reservations` (
  `reservation_id` int(11) NOT NULL AUTO_INCREMENT,
  `user_id` int(11) NOT NULL,
  `room_id` int(11) NOT NULL,
  `Email` varchar(64) NOT NULL,
  `Phone_number` varchar(64) NOT NULL,
  `months` int(11) NOT NULL,
  `total_price` decimal(10,2) DEFAULT NULL,
  `status` enum('Pending','Approved','Cancelled') DEFAULT 'Pending',
  `created_at` timestamp NOT NULL DEFAULT current_timestamp(),
  `start_date` date DEFAULT NULL,
  `end_date` date DEFAULT NULL,
  `cancellation_reason` text DEFAULT NULL,
  `bed_preference` varchar(50) DEFAULT 'Any',
  `signature_image` varchar(255) DEFAULT NULL,
  `is_archived` varchar(256) NOT NULL,
  `extended_from` int(11) DEFAULT NULL,
  PRIMARY KEY (`reservation_id`),
  KEY `user_id` (`user_id`),
  KEY `room_id` (`room_id`),
  CONSTRAINT `reservations_ibfk_1` FOREIGN KEY (`user_id`) REFERENCES `users` (`user_id`),
  CONSTRAINT `reservations_ibfk_2` FOREIGN KEY (`room_id`) REFERENCES `rooms` (`room_id`)
) ENGINE=InnoDB AUTO_INCREMENT=52 DEFAULT CHARSET=utf8mb4 COLLATE=utf8mb4_general_ci;
/*!40101 SET character_set_client = @saved_cs_client */;

--
-- Dumping data for table `reservations`
--

LOCK TABLES `reservations` WRITE;
/*!40000 ALTER TABLE `reservations` DISABLE KEYS */;
INSERT INTO `reservations` VALUES (17,16,3,'','',1,48.78,'Cancelled','2026-02-06 19:10:21','2026-02-07','2026-02-28',NULL,'Any',NULL,'1',NULL),(18,16,1,'','',1,35.69,'Cancelled','2026-02-07 07:14:48','2026-02-07','2026-02-28',NULL,'Any',NULL,'1',NULL),(19,16,5,'','',1,2099.30,'Approved','2026-02-07 07:19:31','2026-02-07','2026-02-28',NULL,'Lower Bunk','sig_19_1770449840.png','',NULL),(20,16,5,'','',1,2799.07,'Cancelled','2026-02-07 07:53:55','2026-02-28','2026-03-28',NULL,'Lower Bunk',NULL,'1',NULL),(21,16,5,'','',1,2799.07,'Cancelled','2026-02-07 07:55:23','2026-02-28','2026-03-28',NULL,'Lower Bunk',NULL,'1',NULL),(22,16,5,'','',3,5398.20,'Approved','2026-02-07 07:56:54','2026-02-28','2026-04-23',NULL,'Lower Bunk','sig_22_1770452262.png','',NULL),(23,17,5,'','',2,5198.27,'Approved','2026-02-07 08:31:57','2026-02-07','2026-03-31',NULL,'Lower Bunk','sig_23_1770453136.png','',NULL),(24,17,5,'','',2,4598.46,'Approved','2026-02-07 08:46:11','2026-03-31','2026-05-16',NULL,'Lower Bunk','sig_23_1770453136.png','',NULL),(26,18,3,'','',1,4700.00,'Cancelled','2026-02-07 11:54:12','2026-02-07','2026-03-09',NULL,'Lower Bunk',NULL,'1',NULL),(27,18,5,'','',3,11125.00,'Cancelled','2026-02-07 11:58:38','2026-02-07','2026-05-07',NULL,'Upper Bunk',NULL,'1',NULL),(28,18,1,'','',3,42000.00,'Cancelled','2026-02-07 12:05:13','2026-02-07','2026-05-07',NULL,'Any',NULL,'1',NULL),(29,18,1,'','',3,42000.00,'Approved','2026-02-07 12:07:08','2026-02-07','2026-05-07',NULL,'Any','sig_29_1770467303.png','',NULL),(31,20,3,'','',6,25200.00,'Approved','2026-02-07 16:52:05','2026-02-07','2026-08-07',NULL,'Upper Bunk','sig_31_1770483247.png','',NULL),(34,22,3,'','',1,4700.00,'Approved','2026-02-07 17:35:28','2026-02-07','2026-03-07',NULL,'Lower Bunk','sig_34_1770485792.png','',NULL),(35,23,3,'','',6,28200.00,'Approved','2026-02-15 17:03:53','2026-02-15','2026-08-15',NULL,'Lower Bunk','sig_35_1771306528.png','',NULL),(36,24,3,'','',1,626.67,'','2026-02-17 05:41:42','2026-02-17','2026-02-21',NULL,'Lower Bunk',NULL,'',NULL),(37,25,3,'','',12,56400.00,'Approved','2026-02-17 05:47:14','2026-02-17','2027-02-17',NULL,'Lower Bunk',NULL,'',NULL),(38,26,5,'','',1,125.00,'Approved','2026-02-22 02:44:31','2026-02-22','2026-02-23',NULL,'Upper Bunk','sig_38_1771728367.png','',NULL),(39,27,3,'','',1,140.00,'Approved','2026-02-22 03:23:09','2026-02-22','2026-02-23',NULL,'Upper Bunk',NULL,'',NULL),(40,28,5,'','',7,22800.00,'Approved','2026-02-22 03:38:17','2026-02-22','2026-08-24',NULL,'Upper Bunk','sig_40_1771732275.png','',NULL),(42,29,8,'','',1,14000.00,'Approved','2026-02-22 05:44:56','2026-02-22','2026-03-22',NULL,'Any',NULL,'',NULL),(43,30,3,'','',1,4700.00,'Approved','2026-02-22 05:48:55','2026-02-22','2026-03-22',NULL,'Lower Bunk',NULL,'',NULL),(44,31,5,'','',3,5100.00,'Approved','2026-02-22 06:09:04','2026-02-22','2026-03-26',NULL,'Lower Bunk','sig_44_1771740715.png','',NULL),(47,31,5,'','',1,300.00,'Cancelled','2026-02-22 07:24:48','2026-03-26','2026-03-28',NULL,'Any','sig_44_1771740715.png','1',44),(48,31,5,'','',1,300.00,'Cancelled','2026-02-22 07:43:05','2026-03-26','2026-03-28','Auto-expired due to non-payment','Any','sig_44_1771740715.png','',44),(49,34,6,'','',1,3750.00,'','2026-02-24 03:58:24','2026-02-24','2026-03-24',NULL,'Upper Bunk',NULL,'',NULL),(50,39,7,'','',1,4700.00,'Approved','2026-02-26 01:29:12','2026-02-26','2026-03-26',NULL,'Lower Bunk',NULL,'',NULL),(51,40,7,'','',6,28200.00,'Approved','2026-02-26 01:57:54','2026-02-26','2026-08-26',NULL,'Lower Bunk',NULL,'',NULL);
/*!40000 ALTER TABLE `reservations` ENABLE KEYS */;
UNLOCK TABLES;

--
-- Table structure for table `room_images`
--

DROP TABLE IF EXISTS `room_images`;
/*!40101 SET @saved_cs_client     = @@character_set_client */;
/*!40101 SET character_set_client = utf8 */;
CREATE TABLE `room_images` (
  `image_id` int(11) NOT NULL AUTO_INCREMENT,
  `room_id` int(11) NOT NULL,
  `image_path` varchar(255) DEFAULT NULL,
  PRIMARY KEY (`image_id`),
  KEY `room_id` (`room_id`),
  CONSTRAINT `room_images_ibfk_1` FOREIGN KEY (`room_id`) REFERENCES `rooms` (`room_id`)
) ENGINE=InnoDB DEFAULT CHARSET=utf8mb4 COLLATE=utf8mb4_general_ci;
/*!40101 SET character_set_client = @saved_cs_client */;

--
-- Dumping data for table `room_images`
--

LOCK TABLES `room_images` WRITE;
/*!40000 ALTER TABLE `room_images` DISABLE KEYS */;
/*!40000 ALTER TABLE `room_images` ENABLE KEYS */;
UNLOCK TABLES;

--
-- Table structure for table `rooms`
--

DROP TABLE IF EXISTS `rooms`;
/*!40101 SET @saved_cs_client     = @@character_set_client */;
/*!40101 SET character_set_client = utf8 */;
CREATE TABLE `rooms` (
  `room_id` int(11) NOT NULL AUTO_INCREMENT,
  `room_name` varchar(100) DEFAULT NULL,
  `room_type` enum('Single','4-Bed','6-Bed') NOT NULL,
  `total_price` decimal(10,2) NOT NULL,
  `total_beds` int(11) NOT NULL,
  `available_beds` int(11) NOT NULL,
  `description` text DEFAULT NULL,
  `image` varchar(255) DEFAULT NULL,
  `status` enum('Available','Full','Maintenance') DEFAULT 'Available',
  `availability` varchar(50) NOT NULL DEFAULT 'Available',
  `price_upper` decimal(10,2) DEFAULT 0.00,
  `price_lower` decimal(10,2) DEFAULT 0.00,
  `is_archived` tinyint(1) DEFAULT 0,
  `floor` int(11) DEFAULT 2,
  `room_number` varchar(50) DEFAULT NULL,
  PRIMARY KEY (`room_id`)
) ENGINE=InnoDB AUTO_INCREMENT=18 DEFAULT CHARSET=utf8mb4 COLLATE=utf8mb4_general_ci;
/*!40101 SET character_set_client = @saved_cs_client */;

--
-- Dumping data for table `rooms`
--

LOCK TABLES `rooms` WRITE;
/*!40000 ALTER TABLE `rooms` DISABLE KEYS */;
INSERT INTO `rooms` VALUES (1,'Single Bed','4-Bed',14000.00,1,0,NULL,'434612699_2697344013763217_6695140230318829305_n.jpg','Available','Available',0.00,0.00,1,2,NULL),(3,'4 Beds','4-Bed',4700.00,8,0,NULL,'462653445_1101225298268177_6278312356040716161_n.jpg','Available','Available',4200.00,4700.00,1,2,NULL),(5,'6 Beds','6-Bed',4500.00,6,0,NULL,'462649285_910103944161119_916589224660087614_n.jpg','Available','Available',3750.00,4500.00,1,2,NULL),(6,'6 Beds','6-Bed',4500.00,6,0,NULL,'462649285_910103944161119_916589224660087614_n.jpg','Available','Available',3750.00,4500.00,0,3,'301'),(7,'4 Beds','4-Bed',4700.00,4,0,NULL,'553086532_1458289505383792_3468955167122582667_n.jpg','Available','Available',4200.00,4700.00,0,3,'302'),(8,'1 Bed','Single',14000.00,6,0,NULL,'434612699_2697344013763217_6695140230318829305_n.jpg','Available','Available',0.00,0.00,0,3,'303'),(14,'1 Bed','Single',14000.00,1,0,NULL,'434612699_2697344013763217_6695140230318829305_n.jpg','Available','Available',0.00,0.00,0,2,'201'),(16,'203','Single',14000.00,1,0,NULL,'434612699_2697344013763217_6695140230318829305_n.jpg','Available','Available',0.00,0.00,0,2,NULL),(17,'204','Single',14000.00,1,0,NULL,'434612699_2697344013763217_6695140230318829305_n.jpg','Available','Available',0.00,0.00,0,2,NULL);
/*!40000 ALTER TABLE `rooms` ENABLE KEYS */;
UNLOCK TABLES;

--
-- Table structure for table `site_settings`
--

DROP TABLE IF EXISTS `site_settings`;
/*!40101 SET @saved_cs_client     = @@character_set_client */;
/*!40101 SET character_set_client = utf8 */;
CREATE TABLE `site_settings` (
  `id` int(11) NOT NULL AUTO_INCREMENT,
  `setting_key` varchar(50) NOT NULL,
  `setting_value` text DEFAULT NULL,
  PRIMARY KEY (`id`),
  UNIQUE KEY `setting_key` (`setting_key`)
) ENGINE=InnoDB AUTO_INCREMENT=138 DEFAULT CHARSET=utf8mb4 COLLATE=utf8mb4_general_ci;
/*!40101 SET character_set_client = @saved_cs_client */;

--
-- Dumping data for table `site_settings`
--

LOCK TABLES `site_settings` WRITE;
/*!40000 ALTER TABLE `site_settings` DISABLE KEYS */;
INSERT INTO `site_settings` VALUES (1,'hero_image','[\"1770471778_hero_edit.png\",\"1770447312_hero_edit.png\",\"1770447047_hero.png\"]'),(125,'living_area_image','living_area_1770486291.jpg'),(126,'last_update','1772070143');
/*!40000 ALTER TABLE `site_settings` ENABLE KEYS */;
UNLOCK TABLES;

--
-- Table structure for table `temporary_moves`
--

DROP TABLE IF EXISTS `temporary_moves`;
/*!40101 SET @saved_cs_client     = @@character_set_client */;
/*!40101 SET character_set_client = utf8 */;
CREATE TABLE `temporary_moves` (
  `id` int(11) NOT NULL AUTO_INCREMENT,
  `reservation_id` int(11) NOT NULL,
  `original_room_id` int(11) NOT NULL,
  `temp_room_id` int(11) NOT NULL,
  `move_date` datetime DEFAULT current_timestamp(),
  `status` enum('Active','Returned') DEFAULT 'Active',
  PRIMARY KEY (`id`)
) ENGINE=InnoDB AUTO_INCREMENT=5 DEFAULT CHARSET=utf8mb4 COLLATE=utf8mb4_general_ci;
/*!40101 SET character_set_client = @saved_cs_client */;

--
-- Dumping data for table `temporary_moves`
--

LOCK TABLES `temporary_moves` WRITE;
/*!40000 ALTER TABLE `temporary_moves` DISABLE KEYS */;
/*!40000 ALTER TABLE `temporary_moves` ENABLE KEYS */;
UNLOCK TABLES;

--
-- Table structure for table `users`
--

DROP TABLE IF EXISTS `users`;
/*!40101 SET @saved_cs_client     = @@character_set_client */;
/*!40101 SET character_set_client = utf8 */;
CREATE TABLE `users` (
  `user_id` int(11) NOT NULL AUTO_INCREMENT,
  `full_name` varchar(100) NOT NULL,
  `email` varchar(100) NOT NULL,
  `phone_number` varchar(20) DEFAULT NULL,
  `phone` varchar(20) DEFAULT NULL,
  `password` varchar(255) NOT NULL,
  `role` enum('guest','admin') DEFAULT 'guest',
  `created_at` timestamp NOT NULL DEFAULT current_timestamp(),
  `is_archived` varchar(256) NOT NULL,
  `do_not_renew` tinyint(1) DEFAULT 0,
  `gender` varchar(20) DEFAULT NULL,
  `reset_token` varchar(255) DEFAULT NULL,
  `reset_expiry` datetime DEFAULT NULL,
  `occupation` varchar(50) DEFAULT NULL,
  `address` text DEFAULT NULL,
  `company` varchar(100) DEFAULT NULL,
  `school_id_image` varchar(255) DEFAULT NULL,
  `emergency_contact_name` varchar(100) DEFAULT NULL,
  `emergency_contact_number` varchar(20) DEFAULT NULL,
  PRIMARY KEY (`user_id`),
  UNIQUE KEY `email` (`email`)
) ENGINE=InnoDB AUTO_INCREMENT=41 DEFAULT CHARSET=utf8mb4 COLLATE=utf8mb4_general_ci;
/*!40101 SET character_set_client = @saved_cs_client */;

--
-- Dumping data for table `users`
--

LOCK TABLES `users` WRITE;
/*!40000 ALTER TABLE `users` DISABLE KEYS */;
INSERT INTO `users` VALUES (12,'bryan','nicle@gmail.com','09673101356',NULL,'$2y$10$KNndQy2NC0daPij1yMSbgeokMHXVHITVG1.1v4IGBZlpxad9OLsZy','guest','2026-02-05 12:23:10','',0,NULL,NULL,NULL,NULL,NULL,NULL,NULL,NULL,NULL),(16,'takerman','6takerman@gmail.com','0962734444',NULL,'$2y$10$fEHRwXCIO8w7l4GsytLu..2yslNSsMyBA1gX6kq5qzxk2GNCRyycC','guest','2026-02-06 19:07:39','',0,NULL,NULL,NULL,NULL,NULL,NULL,NULL,NULL,NULL),(17,'Stephen Squad','stephenpogi3@gmail.com','096273444422',NULL,'$2y$10$mSxyWyYo.ysMEVQTxxgXnOgdc0sfqeo1fQJ.bxm/zlheDl.6lct4m','guest','2026-02-07 08:31:10','',0,NULL,NULL,NULL,NULL,NULL,NULL,NULL,NULL,NULL),(18,'Stephen Squad PH','stephensquad@gmail.com','0962734448',NULL,'$2y$10$nXqhn7HQqJzDNGw80dRLgu88Sj3LUSuciYf0q25kcLn8vk4tsR8MS','guest','2026-02-07 10:14:17','',0,'Male',NULL,NULL,NULL,NULL,NULL,NULL,NULL,NULL),(20,'Tysoni','tysonicrosini@gmail.com','096273444422',NULL,'$2y$10$0Ph1WpbJiA5FG/0RANtJA.Kt8EoFeP8b1KhyC6T1e9DJymZETlWkW','guest','2026-02-07 16:51:13','',0,'Male',NULL,NULL,NULL,NULL,NULL,NULL,NULL,NULL),(21,'Alavino Alamano','alvino@gmail.com','097672634',NULL,'$2y$10$RYf9TDuYiF6.vkf3PHmHpOKM5AtOXTn/hGhmbx6ZFt2F/Tofc7Ima','guest','2026-02-07 17:18:08','',0,NULL,NULL,NULL,NULL,NULL,NULL,NULL,NULL,NULL),(22,'Marwino Santiano','marwino@gmail.com','0928777631',NULL,'$2y$10$PxwxG0Ew2UCPF61DCWM5ueCoIg0e/t0pIpwbakmegSTLUSFm7yhTy','guest','2026-02-07 17:34:52','',0,'Male',NULL,NULL,NULL,NULL,NULL,NULL,NULL,NULL),(23,'FRED TAYSON','testuser8@gmail.com','09673101356',NULL,'$2y$10$Ee/9i0s3dYn4Q/nfi0Bk6OM1AEPvZPYJQtgyOn0T2bjEhhmFPWIlm','guest','2026-02-14 16:28:52','',0,'Male',NULL,NULL,NULL,NULL,NULL,NULL,NULL,NULL),(24,'mamon','testing9@gmail.com','123123',NULL,'$2y$10$M7.Tdbu8Ev2gBYJHmfYlhOj6mrkzxHSHEp7Ea6779l9UAaiuuvcFC','','2026-02-17 05:41:42','',0,'Male',NULL,NULL,NULL,NULL,NULL,NULL,NULL,NULL),(25,'miamon','gwapingzz006@gmail.com','123123',NULL,'$2y$10$vKqts5d.F6kZjalkl37VA.nj69g7ZuYIdv7E863jD8ax1gYDuXPmG','','2026-02-17 05:47:14','',0,'Male',NULL,NULL,NULL,NULL,NULL,NULL,NULL,NULL),(26,'FRED TAYSON','testuser9@gmail.com','09673101356',NULL,'$2y$10$MX38f2xcXC/NIVLFBYQKQ.yo9t0KLa.TIAV7fHOJzAaoibuwkkHv.','guest','2026-02-22 02:41:48','',0,'Male',NULL,NULL,NULL,NULL,NULL,NULL,NULL,NULL),(27,'hazel santiago','testuser10@gmail.com','09673101356',NULL,'$2y$10$OMtltXKnPWbISfrrCTZs5OJGs9z6XkY4.x0kfEyk5kKqv7d2ik8w6','guest','2026-02-22 03:20:52','',0,'Male',NULL,NULL,NULL,NULL,NULL,NULL,NULL,NULL),(28,'pabloito','testuser11@gmail.com','34234121',NULL,'$2y$10$UMtfb3h5ya8z33N6/k7JnOnbOUNLmqWWFmlGD5WwcwduDCR0QRGKK','guest','2026-02-22 03:35:24','',0,'Female',NULL,NULL,NULL,NULL,NULL,NULL,NULL,NULL),(29,'mamon ni mimon','testing12@gmail.com','434443',NULL,'$2y$10$Cm4JoyjQT9s7Id2HqxkYMuA/6iL9pcLR0GwlZ2TgQa3VqBdoRCXnK','','2026-02-22 05:44:56','',0,'Male',NULL,NULL,NULL,NULL,NULL,NULL,NULL,NULL),(30,'mamon ni jimon','testing13@gmail.com','123123',NULL,'$2y$10$Sm1iL7ZpSTLl976wkNJcAuYlP0wP3ybRl19K/mNwuI9qYIGyp30Pa','','2026-02-22 05:48:55','',0,'Male',NULL,NULL,NULL,NULL,NULL,NULL,NULL,NULL),(31,'mimon na mamon','testuser14@gmail.com','123',NULL,'$2y$10$hyzbnbwHG4T2BWSSqqDZuOkcOR8hg0SmPRil2BolQAJC6Wed6THae','guest','2026-02-22 06:08:28','',0,'Male',NULL,NULL,NULL,NULL,NULL,NULL,NULL,NULL),(32,'marwino','testuser1@gmail.com','09673101356',NULL,'$2y$10$TXpUcsJcuoLs2Lhs4dIG.eVh15446oQC1OSOzv6bW6SF2Ds2zb/WK','guest','2026-02-23 14:50:11','',0,NULL,NULL,NULL,NULL,NULL,NULL,NULL,NULL,NULL),(33,'FRED TAYSON','bernasuncion11@gmail.com','09673101356',NULL,'$2y$10$zN11hFsbNiQLFcS9eX.6meFbz9NRjGxy1ZRPR8zBq1Vo1LVk98MV6','guest','2026-02-23 15:08:49','',0,NULL,NULL,NULL,NULL,NULL,NULL,NULL,NULL,NULL),(34,'FRED TAYSON','testuser16@gmail.com','09673101356',NULL,'$2y$10$9xg6Q/dpko.7izCRdY7r2eJPVgbMCH3LRC1s3zwSHTanUvCtgGhI6','guest','2026-02-23 15:09:30','',0,'Male',NULL,NULL,'Student','brgy 1',NULL,'1771905504_school_423903758_399531849443795_6787335726366437633_n.jpg','juan','09673103156'),(35,'denzel TAYSON','testuser17@gmail.com','09673101356',NULL,'$2y$10$zs0r27pl7mVaTK8DK.9i7elLYNMLPp00dJWIhISFmVYGmltzuMhNy','guest','2026-02-24 04:23:28','',0,NULL,NULL,NULL,NULL,NULL,NULL,NULL,NULL,NULL),(36,'FRED TAYSON','testuser18@gmail.com','09673101356',NULL,'$2y$10$y.gUdpOLGAr3pSnulxPyD.4.vUqBbMsIfqGJ8AdmonuDVwfXdSIVm','guest','2026-02-24 04:40:39','',0,NULL,NULL,NULL,NULL,NULL,NULL,NULL,NULL,NULL),(37,'Ablao, B','testuser101@gmail.com','09673101356',NULL,'$2y$10$rl9sLnd.AaN35QgySvxeduryju4SBn0EUnckps2zPoYQkeCaQ7A/O','guest','2026-02-26 01:17:22','',0,NULL,NULL,NULL,NULL,NULL,NULL,NULL,NULL,NULL),(38,'mamon','Mamon@gmail.com','0928173123',NULL,'$2y$10$Qckb77kGLpHvJJ3wS.ppuOwqH7sye.78CIA1hGORX9piCZs1u3c5O','','2026-02-26 01:25:30','',0,'Male',NULL,NULL,NULL,NULL,NULL,NULL,NULL,NULL),(39,'mamon ni jimonmi','gwapingzz0076@gmail.com','09281731237',NULL,'$2y$10$Yk0s2uYRZQfEI3NJ/eQX4.Cki/ZuUADsNWrO2.TQzawb.iNWGBnBu','','2026-02-26 01:29:12','',0,'Male',NULL,NULL,NULL,NULL,NULL,NULL,NULL,NULL),(40,'BARTOLOME JAVILLONAR','bartjavillonar@gmail.com','09304871699',NULL,'$2y$10$X9kKW5UpTXSviWVagyKhAuXEzk2SiwS4GxxgjIjikUt22qpKOwho2','','2026-02-26 01:57:54','',0,'Male',NULL,NULL,NULL,NULL,NULL,NULL,NULL,NULL);
/*!40000 ALTER TABLE `users` ENABLE KEYS */;
UNLOCK TABLES;

--
-- Table structure for table `utility_bills`
--

DROP TABLE IF EXISTS `utility_bills`;
/*!40101 SET @saved_cs_client     = @@character_set_client */;
/*!40101 SET character_set_client = utf8 */;
CREATE TABLE `utility_bills` (
  `id` int(11) NOT NULL AUTO_INCREMENT,
  `reservation_id` int(11) NOT NULL,
  `bill_date` date NOT NULL,
  `electric_start` decimal(10,2) DEFAULT 0.00,
  `electric_end` decimal(10,2) DEFAULT 0.00,
  `electric_rate` decimal(10,2) DEFAULT 0.00,
  `water_start` decimal(10,2) DEFAULT 0.00,
  `water_end` decimal(10,2) DEFAULT 0.00,
  `water_rate` decimal(10,2) DEFAULT 0.00,
  `total_amount` decimal(10,2) NOT NULL,
  `created_at` timestamp NOT NULL DEFAULT current_timestamp(),
  PRIMARY KEY (`id`)
) ENGINE=InnoDB AUTO_INCREMENT=2 DEFAULT CHARSET=utf8mb4 COLLATE=utf8mb4_general_ci;
/*!40101 SET character_set_client = @saved_cs_client */;

--
-- Dumping data for table `utility_bills`
--

LOCK TABLES `utility_bills` WRITE;
/*!40000 ALTER TABLE `utility_bills` DISABLE KEYS */;
INSERT INTO `utility_bills` VALUES (1,35,'2026-02-22',1300.00,1500.00,12.00,300.00,500.00,35.00,9400.00,'2026-02-22 02:58:16');
/*!40000 ALTER TABLE `utility_bills` ENABLE KEYS */;
UNLOCK TABLES;

--
-- Table structure for table `waitlist`
--

DROP TABLE IF EXISTS `waitlist`;
/*!40101 SET @saved_cs_client     = @@character_set_client */;
/*!40101 SET character_set_client = utf8 */;
CREATE TABLE `waitlist` (
  `id` int(11) NOT NULL AUTO_INCREMENT,
  `user_id` int(11) NOT NULL,
  `room_type` varchar(50) NOT NULL,
  `created_at` timestamp NOT NULL DEFAULT current_timestamp(),
  PRIMARY KEY (`id`)
) ENGINE=InnoDB AUTO_INCREMENT=2 DEFAULT CHARSET=utf8mb4 COLLATE=utf8mb4_general_ci;
/*!40101 SET character_set_client = @saved_cs_client */;

--
-- Dumping data for table `waitlist`
--

LOCK TABLES `waitlist` WRITE;
/*!40000 ALTER TABLE `waitlist` DISABLE KEYS */;
INSERT INTO `waitlist` VALUES (1,16,'6-Bed','2026-02-07 07:13:49');
/*!40000 ALTER TABLE `waitlist` ENABLE KEYS */;
UNLOCK TABLES;
/*!40103 SET TIME_ZONE=@OLD_TIME_ZONE */;

/*!40101 SET SQL_MODE=@OLD_SQL_MODE */;
/*!40014 SET FOREIGN_KEY_CHECKS=@OLD_FOREIGN_KEY_CHECKS */;
/*!40014 SET UNIQUE_CHECKS=@OLD_UNIQUE_CHECKS */;
/*!40101 SET CHARACTER_SET_CLIENT=@OLD_CHARACTER_SET_CLIENT */;
/*!40101 SET CHARACTER_SET_RESULTS=@OLD_CHARACTER_SET_RESULTS */;
/*!40101 SET COLLATION_CONNECTION=@OLD_COLLATION_CONNECTION */;
/*!40111 SET SQL_NOTES=@OLD_SQL_NOTES */;

-- Dump completed on 2026-02-26 21:32:02
