-- MariaDB dump 10.19  Distrib 10.4.32-MariaDB, for Win64 (AMD64)
--
-- Host: localhost    Database: woke_coliving
-- ------------------------------------------------------
-- Server version	10.4.32-MariaDB

/*!40101 SET @OLD_CHARACTER_SET_CLIENT=@@CHARACTER_SET_CLIENT */;
/*!40101 SET @OLD_CHARACTER_SET_RESULTS=@@CHARACTER_SET_RESULTS */;
/*!40101 SET @OLD_COLLATION_CONNECTION=@@COLLATION_CONNECTION */;
/*!40101 SET NAMES utf8mb4 */;
/*!40103 SET @OLD_TIME_ZONE=@@TIME_ZONE */;
/*!40103 SET TIME_ZONE='+00:00' */;
/*!40014 SET @OLD_UNIQUE_CHECKS=@@UNIQUE_CHECKS, UNIQUE_CHECKS=0 */;
/*!40014 SET @OLD_FOREIGN_KEY_CHECKS=@@FOREIGN_KEY_CHECKS, FOREIGN_KEY_CHECKS=0 */;
/*!40101 SET @OLD_SQL_MODE=@@SQL_MODE, SQL_MODE='NO_AUTO_VALUE_ON_ZERO' */;
/*!40111 SET @OLD_SQL_NOTES=@@SQL_NOTES, SQL_NOTES=0 */;

--
-- Table structure for table `account_deletion_requests`
--

DROP TABLE IF EXISTS `account_deletion_requests`;
/*!40101 SET @saved_cs_client     = @@character_set_client */;
/*!40101 SET character_set_client = utf8 */;
CREATE TABLE `account_deletion_requests` (
  `request_id` int(11) NOT NULL AUTO_INCREMENT,
  `user_id` int(11) NOT NULL,
  `status` enum('Pending','Approved','Rejected') DEFAULT 'Pending',
  `created_at` timestamp NOT NULL DEFAULT current_timestamp(),
  PRIMARY KEY (`request_id`),
  KEY `user_id` (`user_id`),
  CONSTRAINT `account_deletion_requests_ibfk_1` FOREIGN KEY (`user_id`) REFERENCES `users` (`user_id`) ON DELETE CASCADE
) ENGINE=InnoDB AUTO_INCREMENT=2 DEFAULT CHARSET=utf8mb4 COLLATE=utf8mb4_general_ci;
/*!40101 SET character_set_client = @saved_cs_client */;

--
-- Dumping data for table `account_deletion_requests`
--

LOCK TABLES `account_deletion_requests` WRITE;
/*!40000 ALTER TABLE `account_deletion_requests` DISABLE KEYS */;
INSERT INTO `account_deletion_requests` VALUES (1,56,'Rejected','2026-03-05 15:48:32');
/*!40000 ALTER TABLE `account_deletion_requests` ENABLE KEYS */;
UNLOCK TABLES;

--
-- Table structure for table `activity_logs`
--

DROP TABLE IF EXISTS `activity_logs`;
/*!40101 SET @saved_cs_client     = @@character_set_client */;
/*!40101 SET character_set_client = utf8 */;
CREATE TABLE `activity_logs` (
  `log_id` int(11) NOT NULL AUTO_INCREMENT,
  `user_id` int(11) NOT NULL,
  `action` varchar(100) NOT NULL,
  `details` text DEFAULT NULL,
  `created_at` timestamp NOT NULL DEFAULT current_timestamp(),
  PRIMARY KEY (`log_id`)
) ENGINE=InnoDB AUTO_INCREMENT=316 DEFAULT CHARSET=utf8mb4 COLLATE=utf8mb4_general_ci;
/*!40101 SET character_set_client = @saved_cs_client */;

--
-- Dumping data for table `activity_logs`
--

LOCK TABLES `activity_logs` WRITE;
/*!40000 ALTER TABLE `activity_logs` DISABLE KEYS */;
INSERT INTO `activity_logs` VALUES (89,38,'Account Created','Walk-in account created by Admin','2026-02-26 01:25:30'),(92,40,'Account Created','Walk-in account created by Admin','2026-02-26 01:57:54'),(93,40,'Walk-in Booking','Reservation #51 created by Admin','2026-02-26 01:57:54'),(108,40,'Payment Confirmed','Payment #55 marked as Paid by Admin.','2026-02-28 13:54:57'),(217,40,'Profile Updated','Admin updated user details.','2026-03-01 12:29:35'),(218,40,'Profile Updated','Admin updated user details.','2026-03-01 12:36:44'),(232,40,'Profile Updated','Admin updated user details.','2026-03-02 07:19:43');
/*!40000 ALTER TABLE `activity_logs` ENABLE KEYS */;
UNLOCK TABLES;

--
-- Table structure for table `admin`
--

DROP TABLE IF EXISTS `admin`;
/*!40101 SET @saved_cs_client     = @@character_set_client */;
/*!40101 SET character_set_client = utf8 */;
CREATE TABLE `admin` (
  `id` int(11) NOT NULL AUTO_INCREMENT,
  `username` varchar(50) NOT NULL,
  `password` varchar(50) NOT NULL,
  `role` enum('Super Admin','Admin') DEFAULT 'Admin',
  PRIMARY KEY (`id`)
) ENGINE=InnoDB AUTO_INCREMENT=6 DEFAULT CHARSET=utf8mb4 COLLATE=utf8mb4_general_ci;
/*!40101 SET character_set_client = @saved_cs_client */;

--
-- Dumping data for table `admin`
--

LOCK TABLES `admin` WRITE;
/*!40000 ALTER TABLE `admin` DISABLE KEYS */;
INSERT INTO `admin` VALUES (1,'Super Admin','super123','Super Admin'),(3,'admin','admin123','Admin'),(5,'Super Admin 2','super123','Super Admin');
/*!40000 ALTER TABLE `admin` ENABLE KEYS */;
UNLOCK TABLES;

--
-- Table structure for table `admin_password_history`
--

DROP TABLE IF EXISTS `admin_password_history`;
/*!40101 SET @saved_cs_client     = @@character_set_client */;
/*!40101 SET character_set_client = utf8 */;
CREATE TABLE `admin_password_history` (
  `id` int(11) NOT NULL AUTO_INCREMENT,
  `username` varchar(50) NOT NULL,
  `password` varchar(255) NOT NULL,
  `changed_at` timestamp NOT NULL DEFAULT current_timestamp(),
  PRIMARY KEY (`id`)
) ENGINE=InnoDB AUTO_INCREMENT=2 DEFAULT CHARSET=utf8mb4 COLLATE=utf8mb4_general_ci;
/*!40101 SET character_set_client = @saved_cs_client */;

--
-- Dumping data for table `admin_password_history`
--

LOCK TABLES `admin_password_history` WRITE;
/*!40000 ALTER TABLE `admin_password_history` DISABLE KEYS */;
INSERT INTO `admin_password_history` VALUES (1,'Super Admin','super123','2026-03-05 17:11:36');
/*!40000 ALTER TABLE `admin_password_history` ENABLE KEYS */;
UNLOCK TABLES;

--
-- Table structure for table `housekeeping_requests`
--

DROP TABLE IF EXISTS `housekeeping_requests`;
/*!40101 SET @saved_cs_client     = @@character_set_client */;
/*!40101 SET character_set_client = utf8 */;
CREATE TABLE `housekeeping_requests` (
  `request_id` int(11) NOT NULL AUTO_INCREMENT,
  `user_id` int(11) NOT NULL,
  `room_id` int(11) NOT NULL,
  `description` text NOT NULL,
  `status` enum('Pending','Scheduled','Completed','Cancelled') NOT NULL DEFAULT 'Pending',
  `scheduled_date` date DEFAULT NULL,
  `created_at` timestamp NOT NULL DEFAULT current_timestamp(),
  PRIMARY KEY (`request_id`),
  KEY `user_id` (`user_id`),
  KEY `room_id` (`room_id`),
  CONSTRAINT `fk_hk_room` FOREIGN KEY (`room_id`) REFERENCES `rooms` (`room_id`) ON DELETE CASCADE,
  CONSTRAINT `fk_hk_user` FOREIGN KEY (`user_id`) REFERENCES `users` (`user_id`) ON DELETE CASCADE
) ENGINE=InnoDB AUTO_INCREMENT=9 DEFAULT CHARSET=utf8mb4 COLLATE=utf8mb4_general_ci;
/*!40101 SET character_set_client = @saved_cs_client */;

--
-- Dumping data for table `housekeeping_requests`
--

LOCK TABLES `housekeeping_requests` WRITE;
/*!40000 ALTER TABLE `housekeeping_requests` DISABLE KEYS */;
/*!40000 ALTER TABLE `housekeeping_requests` ENABLE KEYS */;
UNLOCK TABLES;

--
-- Table structure for table `key_transactions`
--

DROP TABLE IF EXISTS `key_transactions`;
/*!40101 SET @saved_cs_client     = @@character_set_client */;
/*!40101 SET character_set_client = utf8 */;
CREATE TABLE `key_transactions` (
  `id` int(11) NOT NULL AUTO_INCREMENT,
  `key_id` int(11) NOT NULL,
  `user_id` int(11) NOT NULL,
  `released_at` datetime DEFAULT current_timestamp(),
  `returned_at` datetime DEFAULT NULL,
  `status` enum('Active','Returned') DEFAULT 'Active',
  PRIMARY KEY (`id`),
  KEY `key_id` (`key_id`),
  KEY `user_id` (`user_id`),
  CONSTRAINT `key_transactions_ibfk_1` FOREIGN KEY (`key_id`) REFERENCES `keys` (`id`) ON DELETE CASCADE,
  CONSTRAINT `key_transactions_ibfk_2` FOREIGN KEY (`user_id`) REFERENCES `users` (`user_id`) ON DELETE CASCADE
) ENGINE=InnoDB AUTO_INCREMENT=3 DEFAULT CHARSET=utf8mb4 COLLATE=utf8mb4_general_ci;
/*!40101 SET character_set_client = @saved_cs_client */;

--
-- Dumping data for table `key_transactions`
--

LOCK TABLES `key_transactions` WRITE;
/*!40000 ALTER TABLE `key_transactions` DISABLE KEYS */;
INSERT INTO `key_transactions` VALUES (1,2,40,'2026-03-03 14:19:47','2026-03-03 14:20:14','Returned'),(2,2,40,'2026-03-03 14:21:51','2026-03-03 14:21:58','Returned');
/*!40000 ALTER TABLE `key_transactions` ENABLE KEYS */;
UNLOCK TABLES;

--
-- Table structure for table `keys`
--

DROP TABLE IF EXISTS `keys`;
/*!40101 SET @saved_cs_client     = @@character_set_client */;
/*!40101 SET character_set_client = utf8 */;
CREATE TABLE `keys` (
  `id` int(11) NOT NULL AUTO_INCREMENT,
  `key_name` varchar(100) NOT NULL,
  `type` enum('Room','Parking') NOT NULL,
  `reference_id` int(11) NOT NULL,
  `status` enum('Available','Released') DEFAULT 'Available',
  PRIMARY KEY (`id`)
) ENGINE=InnoDB AUTO_INCREMENT=8 DEFAULT CHARSET=utf8mb4 COLLATE=utf8mb4_general_ci;
/*!40101 SET character_set_client = @saved_cs_client */;

--
-- Dumping data for table `keys`
--

LOCK TABLES `keys` WRITE;
/*!40000 ALTER TABLE `keys` DISABLE KEYS */;
INSERT INTO `keys` VALUES (1,'Room 301 Key','Room',6,'Available'),(2,'Room 302 Key','Room',7,'Available'),(3,'Room 303 Key','Room',8,'Available'),(4,'Room 203 Key','Room',16,'Available'),(5,'Room 203 Key','Room',16,'Available'),(6,'Room 204 Key','Room',17,'Available'),(7,'Room 303 Key','Room',18,'Available');
/*!40000 ALTER TABLE `keys` ENABLE KEYS */;
UNLOCK TABLES;

--
-- Table structure for table `maintenance_requests`
--

DROP TABLE IF EXISTS `maintenance_requests`;
/*!40101 SET @saved_cs_client     = @@character_set_client */;
/*!40101 SET character_set_client = utf8 */;
CREATE TABLE `maintenance_requests` (
  `request_id` int(11) NOT NULL AUTO_INCREMENT,
  `user_id` int(11) NOT NULL,
  `room_id` int(11) NOT NULL,
  `description` text NOT NULL,
  `status` enum('Pending','Scheduled','Completed','Cancelled') DEFAULT 'Pending',
  `scheduled_date` date DEFAULT NULL,
  `created_at` timestamp NOT NULL DEFAULT current_timestamp(),
  PRIMARY KEY (`request_id`),
  KEY `user_id` (`user_id`),
  KEY `room_id` (`room_id`),
  CONSTRAINT `maintenance_requests_ibfk_1` FOREIGN KEY (`user_id`) REFERENCES `users` (`user_id`),
  CONSTRAINT `maintenance_requests_ibfk_2` FOREIGN KEY (`room_id`) REFERENCES `rooms` (`room_id`)
) ENGINE=InnoDB AUTO_INCREMENT=5 DEFAULT CHARSET=utf8mb4 COLLATE=utf8mb4_general_ci;
/*!40101 SET character_set_client = @saved_cs_client */;

--
-- Dumping data for table `maintenance_requests`
--

LOCK TABLES `maintenance_requests` WRITE;
/*!40000 ALTER TABLE `maintenance_requests` DISABLE KEYS */;
/*!40000 ALTER TABLE `maintenance_requests` ENABLE KEYS */;
UNLOCK TABLES;

--
-- Table structure for table `notifications`
--

DROP TABLE IF EXISTS `notifications`;
/*!40101 SET @saved_cs_client     = @@character_set_client */;
/*!40101 SET character_set_client = utf8 */;
CREATE TABLE `notifications` (
  `id` int(11) NOT NULL AUTO_INCREMENT,
  `user_id` varchar(256) NOT NULL,
  `created_at` varchar(256) NOT NULL,
  `is_read` varchar(256) NOT NULL,
  `message` text NOT NULL,
  `type` varchar(50) DEFAULT 'System',
  PRIMARY KEY (`id`)
) ENGINE=InnoDB AUTO_INCREMENT=728 DEFAULT CHARSET=utf8mb4 COLLATE=utf8mb4_general_ci;
/*!40101 SET character_set_client = @saved_cs_client */;

--
-- Dumping data for table `notifications`
--

LOCK TABLES `notifications` WRITE;
/*!40000 ALTER TABLE `notifications` DISABLE KEYS */;
INSERT INTO `notifications` VALUES (504,'40','2026-02-26 09:57:57','','âš ď¸Ź <strong>Payment Overdue</strong><br>Your payment of â‚±28,200.00 was due on Feb 26, 2026. Please pay immediately to avoid penalties.','Payment Warning'),(513,'40','2026-02-26 21:31:42','','âš ď¸Ź <strong>Payment Overdue</strong><br>Your payment of â‚±28,200.00 was due on Feb 26, 2026. Please pay immediately to avoid penalties.','Payment Warning'),(526,'40','2026-02-27 15:28:35','','âš ď¸Ź <strong>Payment Overdue</strong><br>Your payment of â‚±28,200.00 was due on Feb 26, 2026. Please pay immediately to avoid penalties.','Payment Warning'),(532,'40','2026-02-28 21:46:01','','âš ď¸Ź <strong>Payment Overdue</strong><br>Your payment of â‚±28,200.00 was due on Feb 26, 2026. Please pay immediately to avoid penalties.','Payment Warning'),(536,'40','2026-02-28 21:54:57','','âś… <strong>Payment Confirmed</strong><br>Your payment #55 has been verified and marked as Paid.','Payment Update'),(707,'40','2026-03-03 13:28:50','','đź…żď¸Ź <strong>Parking Assigned</strong><br>You have been assigned to Car Slot 1. A fee of â‚±600.00 has been added to your account.','Parking'),(708,'40','2026-03-03 14:19:47','','đź”‘ <strong>Key Assigned</strong><br>You have been assigned a key. Please keep it safe.','Key System'),(709,'40','2026-03-03 14:20:14','','đź”‘ <strong>Key Returned</strong><br>Key has been marked as returned.','Key System'),(710,'40','2026-03-03 14:21:51','','đź”‘ <strong>Key Assigned</strong><br>You have been assigned a key. Please keep it safe.','Key System'),(711,'40','2026-03-03 14:21:58','','đź”‘ <strong>Key Returned</strong><br>Key has been marked as returned.','Key System'),(713,'40','2026-03-05 18:01:58','','âš ď¸Ź <strong>Payment Overdue</strong><br>Your payment of â‚±600.00 was due on Mar 03, 2026. Please pay immediately to avoid penalties.','Payment Warning'),(726,'40','2026-03-05 22:01:59','','âš ď¸Ź <strong>Payment Overdue</strong><br>Your payment of â‚±600.00 was due on Mar 03, 2026. Please pay immediately to avoid penalties.','Payment Warning'),(727,'56','2026-03-05 23:48:38','1','âťŚ <strong>Deletion Request Rejected</strong><br>Your request to delete your account has been rejected by the admin.','System');
/*!40000 ALTER TABLE `notifications` ENABLE KEYS */;
UNLOCK TABLES;

--
-- Table structure for table `parking_reservations`
--

DROP TABLE IF EXISTS `parking_reservations`;
/*!40101 SET @saved_cs_client     = @@character_set_client */;
/*!40101 SET character_set_client = utf8 */;
CREATE TABLE `parking_reservations` (
  `id` int(11) NOT NULL AUTO_INCREMENT,
  `user_id` int(11) NOT NULL,
  `slot_id` int(11) NOT NULL,
  `start_date` date NOT NULL,
  `end_date` date DEFAULT NULL,
  `total_cost` decimal(10,2) NOT NULL,
  `billing_type` enum('Monthly','Daily') NOT NULL,
  `status` enum('Active','Completed') DEFAULT 'Active',
  `created_at` timestamp NOT NULL DEFAULT current_timestamp(),
  PRIMARY KEY (`id`),
  KEY `user_id` (`user_id`),
  KEY `slot_id` (`slot_id`),
  CONSTRAINT `parking_reservations_ibfk_1` FOREIGN KEY (`user_id`) REFERENCES `users` (`user_id`) ON DELETE CASCADE,
  CONSTRAINT `parking_reservations_ibfk_2` FOREIGN KEY (`slot_id`) REFERENCES `parking_slots` (`id`)
) ENGINE=InnoDB AUTO_INCREMENT=3 DEFAULT CHARSET=utf8mb4 COLLATE=utf8mb4_general_ci;
/*!40101 SET character_set_client = @saved_cs_client */;

--
-- Dumping data for table `parking_reservations`
--

LOCK TABLES `parking_reservations` WRITE;
/*!40000 ALTER TABLE `parking_reservations` DISABLE KEYS */;
INSERT INTO `parking_reservations` VALUES (2,40,1,'2026-03-03',NULL,600.00,'Monthly','Active','2026-03-03 05:28:50');
/*!40000 ALTER TABLE `parking_reservations` ENABLE KEYS */;
UNLOCK TABLES;

--
-- Table structure for table `parking_slots`
--

DROP TABLE IF EXISTS `parking_slots`;
/*!40101 SET @saved_cs_client     = @@character_set_client */;
/*!40101 SET character_set_client = utf8 */;
CREATE TABLE `parking_slots` (
  `id` int(11) NOT NULL AUTO_INCREMENT,
  `slot_name` varchar(50) NOT NULL,
  `slot_type` enum('Car','Motorcycle') NOT NULL,
  `status` enum('Available','Occupied') DEFAULT 'Available',
  `monthly_rate` decimal(10,2) NOT NULL,
  `daily_rate` decimal(10,2) NOT NULL,
  `is_archived` tinyint(1) DEFAULT 0,
  PRIMARY KEY (`id`)
) ENGINE=InnoDB AUTO_INCREMENT=11 DEFAULT CHARSET=utf8mb4 COLLATE=utf8mb4_general_ci;
/*!40101 SET character_set_client = @saved_cs_client */;

--
-- Dumping data for table `parking_slots`
--

LOCK TABLES `parking_slots` WRITE;
/*!40000 ALTER TABLE `parking_slots` DISABLE KEYS */;
INSERT INTO `parking_slots` VALUES (1,'Car Slot 1','Car','Occupied',600.00,200.00,0),(2,'Car Slot 2','Car','Available',600.00,200.00,0),(3,'Car Slot 3','Car','Available',600.00,200.00,0),(4,'Car Slot 4','Car','Available',600.00,200.00,0),(5,'Car Slot 5','Car','Available',600.00,200.00,0),(6,'Motorcycle Slot 1','Motorcycle','Occupied',1500.00,50.00,0),(7,'Motorcycle Slot 2','Motorcycle','Available',1500.00,50.00,0),(8,'Motorcycle Slot 3','Motorcycle','Available',1500.00,50.00,0),(9,'Motorcycle Slot 4','Motorcycle','Available',1500.00,50.00,0),(10,'Motorcycle Slot 5','Motorcycle','Available',1500.00,50.00,0);
/*!40000 ALTER TABLE `parking_slots` ENABLE KEYS */;
UNLOCK TABLES;

--
-- Table structure for table `payments`
--

DROP TABLE IF EXISTS `payments`;
/*!40101 SET @saved_cs_client     = @@character_set_client */;
/*!40101 SET character_set_client = utf8 */;
CREATE TABLE `payments` (
  `payment_id` int(11) NOT NULL AUTO_INCREMENT,
  `reservation_id` int(11) NOT NULL,
  `amount` decimal(10,2) NOT NULL,
  `payment_method` enum('Cash','GCash','Bank Transfer') DEFAULT NULL,
  `payment_status` enum('Unpaid','Paid') DEFAULT 'Unpaid',
  `payment_date` timestamp NULL DEFAULT NULL,
  `reference_number` varchar(100) DEFAULT NULL,
  `proof_image` varchar(255) DEFAULT NULL,
  `description` varchar(255) DEFAULT 'Room Payment',
  `is_penalized` tinyint(1) DEFAULT 0,
  PRIMARY KEY (`payment_id`),
  KEY `reservation_id` (`reservation_id`),
  CONSTRAINT `payments_ibfk_1` FOREIGN KEY (`reservation_id`) REFERENCES `reservations` (`reservation_id`)
) ENGINE=InnoDB AUTO_INCREMENT=105 DEFAULT CHARSET=utf8mb4 COLLATE=utf8mb4_general_ci;
/*!40101 SET character_set_client = @saved_cs_client */;

--
-- Dumping data for table `payments`
--

LOCK TABLES `payments` WRITE;
/*!40000 ALTER TABLE `payments` DISABLE KEYS */;
INSERT INTO `payments` VALUES (55,51,28200.00,'Cash','Paid','2026-02-28 13:54:57',NULL,NULL,'Room Payment',0),(103,51,600.00,'Cash','Unpaid','2026-03-03 05:28:50',NULL,NULL,'Monthly Parking Fee (March 2026) for Car Slot 1 (Parking ID: 2)',0);
/*!40000 ALTER TABLE `payments` ENABLE KEYS */;
UNLOCK TABLES;

--
-- Table structure for table `reservations`
--

DROP TABLE IF EXISTS `reservations`;
/*!40101 SET @saved_cs_client     = @@character_set_client */;
/*!40101 SET character_set_client = utf8 */;
CREATE TABLE `reservations` (
  `reservation_id` int(11) NOT NULL AUTO_INCREMENT,
  `user_id` int(11) NOT NULL,
  `room_id` int(11) NOT NULL,
  `Email` varchar(64) NOT NULL,
  `Phone_number` varchar(64) NOT NULL,
  `months` int(11) NOT NULL,
  `total_price` decimal(10,2) DEFAULT NULL,
  `status` enum('Pending','Verifying','Approved','Cancelled','Completed') DEFAULT 'Pending',
  `created_at` timestamp NOT NULL DEFAULT current_timestamp(),
  `start_date` date DEFAULT NULL,
  `end_date` date DEFAULT NULL,
  `cancellation_reason` text DEFAULT NULL,
  `bed_preference` varchar(50) DEFAULT 'Any',
  `signature_image` varchar(255) DEFAULT NULL,
  `is_archived` tinyint(1) DEFAULT 0,
  `extended_from` int(11) DEFAULT NULL,
  `signature_required` tinyint(1) DEFAULT 0,
  PRIMARY KEY (`reservation_id`),
  KEY `user_id` (`user_id`),
  KEY `room_id` (`room_id`),
  CONSTRAINT `reservations_ibfk_1` FOREIGN KEY (`user_id`) REFERENCES `users` (`user_id`),
  CONSTRAINT `reservations_ibfk_2` FOREIGN KEY (`room_id`) REFERENCES `rooms` (`room_id`)
) ENGINE=InnoDB AUTO_INCREMENT=90 DEFAULT CHARSET=utf8mb4 COLLATE=utf8mb4_general_ci;
/*!40101 SET character_set_client = @saved_cs_client */;

--
-- Dumping data for table `reservations`
--

LOCK TABLES `reservations` WRITE;
/*!40000 ALTER TABLE `reservations` DISABLE KEYS */;
INSERT INTO `reservations` VALUES (51,40,7,'','',6,28200.00,'Approved','2026-02-26 01:57:54','2026-02-26','2026-08-26',NULL,'Lower Bunk',NULL,0,NULL,0);
/*!40000 ALTER TABLE `reservations` ENABLE KEYS */;
UNLOCK TABLES;

--
-- Table structure for table `room_images`
--

DROP TABLE IF EXISTS `room_images`;
/*!40101 SET @saved_cs_client     = @@character_set_client */;
/*!40101 SET character_set_client = utf8 */;
CREATE TABLE `room_images` (
  `image_id` int(11) NOT NULL AUTO_INCREMENT,
  `room_id` int(11) NOT NULL,
  `image_path` varchar(255) DEFAULT NULL,
  PRIMARY KEY (`image_id`),
  KEY `room_id` (`room_id`),
  CONSTRAINT `room_images_ibfk_1` FOREIGN KEY (`room_id`) REFERENCES `rooms` (`room_id`)
) ENGINE=InnoDB DEFAULT CHARSET=utf8mb4 COLLATE=utf8mb4_general_ci;
/*!40101 SET character_set_client = @saved_cs_client */;

--
-- Dumping data for table `room_images`
--

LOCK TABLES `room_images` WRITE;
/*!40000 ALTER TABLE `room_images` DISABLE KEYS */;
/*!40000 ALTER TABLE `room_images` ENABLE KEYS */;
UNLOCK TABLES;

--
-- Table structure for table `rooms`
--

DROP TABLE IF EXISTS `rooms`;
/*!40101 SET @saved_cs_client     = @@character_set_client */;
/*!40101 SET character_set_client = utf8 */;
CREATE TABLE `rooms` (
  `room_id` int(11) NOT NULL AUTO_INCREMENT,
  `room_name` varchar(100) DEFAULT NULL,
  `room_type` enum('Single','4-Bed','6-Bed') NOT NULL,
  `total_price` decimal(10,2) NOT NULL,
  `total_beds` int(11) NOT NULL,
  `available_beds` int(11) NOT NULL,
  `description` text DEFAULT NULL,
  `image` varchar(255) DEFAULT NULL,
  `status` enum('Available','Full','Maintenance') DEFAULT 'Available',
  `availability` varchar(50) NOT NULL DEFAULT 'Available',
  `price_upper` decimal(10,2) DEFAULT 0.00,
  `price_lower` decimal(10,2) DEFAULT 0.00,
  `is_archived` tinyint(1) DEFAULT 0,
  `floor` int(11) DEFAULT 2,
  `room_number` varchar(50) DEFAULT NULL,
  `price_whole` decimal(10,2) DEFAULT 0.00,
  `long_term_price_upper` decimal(10,2) DEFAULT 0.00,
  `long_term_price_lower` decimal(10,2) DEFAULT 0.00,
  `long_term_price_whole` decimal(10,2) DEFAULT 0.00,
  `daily_price_bed` decimal(10,2) DEFAULT 0.00,
  `daily_price_room` decimal(10,2) DEFAULT 0.00,
  PRIMARY KEY (`room_id`)
) ENGINE=InnoDB AUTO_INCREMENT=19 DEFAULT CHARSET=utf8mb4 COLLATE=utf8mb4_general_ci;
/*!40101 SET character_set_client = @saved_cs_client */;

--
-- Dumping data for table `rooms`
--

LOCK TABLES `rooms` WRITE;
/*!40000 ALTER TABLE `rooms` DISABLE KEYS */;
INSERT INTO `rooms` VALUES (6,'6 Beds','6-Bed',6600.00,6,0,NULL,'462649285_910103944161119_916589224660087614_n.jpg','Available','Available',5999.00,6600.00,0,2,'202',37797.00,3500.00,4200.00,24000.00,700.00,0.00),(7,'4 Beds','4-Bed',6900.00,4,0,NULL,'553086532_1458289505383792_3468955167122582667_n.jpg','Available','Available',6300.00,6900.00,0,3,'302',26400.00,4000.00,4500.00,17000.00,700.00,0.00),(16,'203','Single',14000.00,1,0,NULL,'434612699_2697344013763217_6695140230318829305_n.jpg','Available','Available',0.00,0.00,0,2,NULL,0.00,0.00,0.00,13000.00,0.00,1200.00),(17,'204','Single',14000.00,1,0,NULL,'434612699_2697344013763217_6695140230318829305_n.jpg','Available','Available',0.00,0.00,0,2,NULL,0.00,0.00,0.00,13000.00,0.00,1200.00),(18,'303','6-Bed',6600.00,6,0,NULL,'462649285_910103944161119_916589224660087614_n.jpg','Available','Available',5999.00,6600.00,0,3,NULL,37797.00,3500.00,4200.00,24000.00,700.00,0.00);
/*!40000 ALTER TABLE `rooms` ENABLE KEYS */;
UNLOCK TABLES;

--
-- Table structure for table `site_settings`
--

DROP TABLE IF EXISTS `site_settings`;
/*!40101 SET @saved_cs_client     = @@character_set_client */;
/*!40101 SET character_set_client = utf8 */;
CREATE TABLE `site_settings` (
  `id` int(11) NOT NULL AUTO_INCREMENT,
  `setting_key` varchar(50) NOT NULL,
  `setting_value` text DEFAULT NULL,
  PRIMARY KEY (`id`),
  UNIQUE KEY `setting_key` (`setting_key`)
) ENGINE=InnoDB AUTO_INCREMENT=386 DEFAULT CHARSET=utf8mb4 COLLATE=utf8mb4_general_ci;
/*!40101 SET character_set_client = @saved_cs_client */;

--
-- Dumping data for table `site_settings`
--

LOCK TABLES `site_settings` WRITE;
/*!40000 ALTER TABLE `site_settings` DISABLE KEYS */;
INSERT INTO `site_settings` VALUES (1,'hero_image','[\"1770471778_hero_edit.png\",\"1770447312_hero_edit.png\",\"1770447047_hero.png\",\"1772369513_hero.png\"]'),(125,'living_area_image','living_area_1770486291.jpg'),(126,'last_update','1772720615'),(290,'price_single','14000'),(291,'price_4bed_upper','6300'),(292,'price_4bed_lower','6900'),(293,'price_6bed_upper','5999'),(294,'price_6bed_lower','6600'),(303,'price_4bed_whole','26400'),(306,'price_6bed_whole','37797'),(315,'price_single_long','13000'),(319,'price_4bed_upper_long','4000'),(320,'price_4bed_lower_long','4500'),(321,'price_4bed_whole_long','17000'),(325,'price_6bed_upper_long','3500'),(326,'price_6bed_lower_long','4200'),(327,'price_6bed_whole_long','24000');
/*!40000 ALTER TABLE `site_settings` ENABLE KEYS */;
UNLOCK TABLES;

--
-- Table structure for table `system_updates`
--

DROP TABLE IF EXISTS `system_updates`;
/*!40101 SET @saved_cs_client     = @@character_set_client */;
/*!40101 SET character_set_client = utf8 */;
CREATE TABLE `system_updates` (
  `id` int(11) NOT NULL AUTO_INCREMENT,
  `version` varchar(20) NOT NULL,
  `title` varchar(100) NOT NULL,
  `description` text DEFAULT NULL,
  `release_date` date DEFAULT curdate(),
  PRIMARY KEY (`id`)
) ENGINE=InnoDB AUTO_INCREMENT=19 DEFAULT CHARSET=utf8mb4 COLLATE=utf8mb4_general_ci;
/*!40101 SET character_set_client = @saved_cs_client */;

--
-- Dumping data for table `system_updates`
--

LOCK TABLES `system_updates` WRITE;
/*!40000 ALTER TABLE `system_updates` DISABLE KEYS */;
INSERT INTO `system_updates` VALUES (1,'1.2.0','Profile Enhancements','Added Bio, Social Links, and Newsletter subscription options.','2026-03-03'),(2,'1.1.0','Waitlist Feature','Introduced room waitlists and automated notifications.','2026-02-24'),(3,'1.0.0','Initial Release','Core booking and management system launch.','2026-02-01'),(4,'1.2.0','Profile Enhancements','Added Bio, Social Links, and Newsletter subscription options.','2026-03-03'),(5,'1.1.0','Waitlist Feature','Introduced room waitlists and automated notifications.','2026-02-24'),(6,'1.0.0','Initial Release','Core booking and management system launch.','2026-02-01'),(7,'1.2.0','Profile Enhancements','Added Bio, Social Links, and Newsletter subscription options.','2026-03-03'),(8,'1.1.0','Waitlist Feature','Introduced room waitlists and automated notifications.','2026-02-24'),(9,'1.0.0','Initial Release','Core booking and management system launch.','2026-02-01'),(10,'1.3.4','Bug Fixes & UI Polish','Fixed night mode styling issues. Improved responsive layout for mobile devices.','2026-03-03'),(11,'1.3.3','Security Update','Added Change Password feature for enhanced account security.','2026-03-02'),(12,'1.3.2','Support Features','Added \"Other Request\" option to contact support directly via Messenger.','2026-03-01'),(13,'1.3.1','System Integrity','Implemented strict feature access control based on system version.','2026-02-28'),(14,'1.3.0','Dashboard Customization','Added ability to hide and reorder dashboard cards. Preferences are saved automatically.','2026-02-27'),(15,'1.3.5','Account Management','Added ability for users to update their email address securely.','2026-03-03'),(16,'1.3.5','Account Management','Added ability for users to update their email address securely.','2026-03-03'),(17,'1.3.6','User Control','Added option for users to permanently delete their account (requires no active bookings).','2026-03-03'),(18,'1.3.6','User Control','Added option for users to permanently delete their account (requires no active bookings).','2026-03-03');
/*!40000 ALTER TABLE `system_updates` ENABLE KEYS */;
UNLOCK TABLES;

--
-- Table structure for table `temporary_moves`
--

DROP TABLE IF EXISTS `temporary_moves`;
/*!40101 SET @saved_cs_client     = @@character_set_client */;
/*!40101 SET character_set_client = utf8 */;
CREATE TABLE `temporary_moves` (
  `id` int(11) NOT NULL AUTO_INCREMENT,
  `reservation_id` int(11) NOT NULL,
  `original_room_id` int(11) NOT NULL,
  `temp_room_id` int(11) NOT NULL,
  `move_date` datetime DEFAULT current_timestamp(),
  `status` enum('Active','Returned') DEFAULT 'Active',
  PRIMARY KEY (`id`)
) ENGINE=InnoDB AUTO_INCREMENT=5 DEFAULT CHARSET=utf8mb4 COLLATE=utf8mb4_general_ci;
/*!40101 SET character_set_client = @saved_cs_client */;

--
-- Dumping data for table `temporary_moves`
--

LOCK TABLES `temporary_moves` WRITE;
/*!40000 ALTER TABLE `temporary_moves` DISABLE KEYS */;
/*!40000 ALTER TABLE `temporary_moves` ENABLE KEYS */;
UNLOCK TABLES;

--
-- Table structure for table `user_update_requests`
--

DROP TABLE IF EXISTS `user_update_requests`;
/*!40101 SET @saved_cs_client     = @@character_set_client */;
/*!40101 SET character_set_client = utf8 */;
CREATE TABLE `user_update_requests` (
  `request_id` int(11) NOT NULL AUTO_INCREMENT,
  `user_id` int(11) NOT NULL,
  `gender` varchar(20) DEFAULT NULL,
  `occupation` varchar(50) DEFAULT NULL,
  `company` varchar(100) DEFAULT NULL,
  `address` text DEFAULT NULL,
  `emergency_contact_name` varchar(100) DEFAULT NULL,
  `emergency_contact_number` varchar(20) DEFAULT NULL,
  `school_id_image` varchar(255) DEFAULT NULL,
  `status` enum('Pending','Approved','Rejected') DEFAULT 'Pending',
  `created_at` timestamp NOT NULL DEFAULT current_timestamp(),
  PRIMARY KEY (`request_id`)
) ENGINE=InnoDB AUTO_INCREMENT=3 DEFAULT CHARSET=utf8mb4 COLLATE=utf8mb4_general_ci;
/*!40101 SET character_set_client = @saved_cs_client */;

--
-- Dumping data for table `user_update_requests`
--

LOCK TABLES `user_update_requests` WRITE;
/*!40000 ALTER TABLE `user_update_requests` DISABLE KEYS */;
INSERT INTO `user_update_requests` VALUES (1,51,'Male','Student','KNS','San Isidro, Subic, Zambales','Alvin Rasing','092651752762',NULL,'Approved','2026-03-02 06:45:55'),(2,50,'Male','Student','','San Isidro','Jim','0931872322',NULL,'Approved','2026-03-02 06:52:03');
/*!40000 ALTER TABLE `user_update_requests` ENABLE KEYS */;
UNLOCK TABLES;

--
-- Table structure for table `users`
--

DROP TABLE IF EXISTS `users`;
/*!40101 SET @saved_cs_client     = @@character_set_client */;
/*!40101 SET character_set_client = utf8 */;
CREATE TABLE `users` (
  `user_id` int(11) NOT NULL AUTO_INCREMENT,
  `email` varchar(100) NOT NULL,
  `phone_number` varchar(20) DEFAULT NULL,
  `phone` varchar(20) DEFAULT NULL,
  `password` varchar(255) NOT NULL,
  `role` varchar(20) DEFAULT 'user',
  `created_at` timestamp NOT NULL DEFAULT current_timestamp(),
  `is_archived` tinyint(1) DEFAULT 0,
  `do_not_renew` tinyint(1) DEFAULT 0,
  `gender` varchar(20) DEFAULT NULL,
  `reset_token` varchar(255) DEFAULT NULL,
  `reset_expiry` datetime DEFAULT NULL,
  `occupation` varchar(50) DEFAULT NULL,
  `address` text DEFAULT NULL,
  `company` varchar(100) DEFAULT NULL,
  `school_id_image` varchar(255) DEFAULT NULL,
  `emergency_contact_name` varchar(100) DEFAULT NULL,
  `emergency_contact_number` varchar(20) DEFAULT NULL,
  `profile_image` varchar(255) DEFAULT NULL,
  `is_walkin` tinyint(1) DEFAULT 0,
  `night_mode` tinyint(1) DEFAULT 0,
  `last_name` varchar(256) NOT NULL,
  `first_name` varchar(256) NOT NULL,
  `middle_name` varchar(256) NOT NULL,
  `newsletter` tinyint(1) DEFAULT 1,
  `bio` text DEFAULT NULL,
  `social_link` varchar(255) DEFAULT NULL,
  `other_request_feature` tinyint(1) DEFAULT NULL,
  `change_password_feature` tinyint(1) DEFAULT NULL,
  `change_email_feature` tinyint(1) DEFAULT NULL,
  `delete_account_feature` tinyint(1) DEFAULT NULL,
  PRIMARY KEY (`user_id`),
  UNIQUE KEY `email` (`email`)
) ENGINE=InnoDB AUTO_INCREMENT=57 DEFAULT CHARSET=utf8mb4 COLLATE=utf8mb4_general_ci;
/*!40101 SET character_set_client = @saved_cs_client */;

--
-- Dumping data for table `users`
--

LOCK TABLES `users` WRITE;
/*!40000 ALTER TABLE `users` DISABLE KEYS */;
INSERT INTO `users` VALUES (40,'bartjavillonar@gmail.com','09304871699',NULL,'$2y$10$X9kKW5UpTXSviWVagyKhAuXEzk2SiwS4GxxgjIjikUt22qpKOwho2','','2026-02-26 01:57:54',0,0,'Male',NULL,NULL,'Employed','','',NULL,'','',NULL,0,0,'JAVILLONAR','BARTOLOME','',1,NULL,NULL,NULL,NULL,NULL,NULL),(56,'tysonicrosini@gmail.com','09263753671',NULL,'$2y$10$DKU82Ob3/HiptLQ5/t1sLutg4CvxSrCDIwr6jYCjoMV0CHGEt055y','user','2026-03-05 13:53:18',0,0,NULL,NULL,NULL,NULL,NULL,NULL,NULL,NULL,NULL,NULL,0,1,'Tyson','Fredhenzel','',1,NULL,NULL,1,1,1,1);
/*!40000 ALTER TABLE `users` ENABLE KEYS */;
UNLOCK TABLES;

--
-- Table structure for table `utility_bills`
--

DROP TABLE IF EXISTS `utility_bills`;
/*!40101 SET @saved_cs_client     = @@character_set_client */;
/*!40101 SET character_set_client = utf8 */;
CREATE TABLE `utility_bills` (
  `id` int(11) NOT NULL AUTO_INCREMENT,
  `reservation_id` int(11) NOT NULL,
  `bill_date` date NOT NULL,
  `electric_start` decimal(10,2) DEFAULT 0.00,
  `electric_end` decimal(10,2) DEFAULT 0.00,
  `electric_rate` decimal(10,2) DEFAULT 0.00,
  `water_start` decimal(10,2) DEFAULT 0.00,
  `water_end` decimal(10,2) DEFAULT 0.00,
  `water_rate` decimal(10,2) DEFAULT 0.00,
  `total_amount` decimal(10,2) NOT NULL,
  `created_at` timestamp NOT NULL DEFAULT current_timestamp(),
  PRIMARY KEY (`id`)
) ENGINE=InnoDB AUTO_INCREMENT=2 DEFAULT CHARSET=utf8mb4 COLLATE=utf8mb4_general_ci;
/*!40101 SET character_set_client = @saved_cs_client */;

--
-- Dumping data for table `utility_bills`
--

LOCK TABLES `utility_bills` WRITE;
/*!40000 ALTER TABLE `utility_bills` DISABLE KEYS */;
/*!40000 ALTER TABLE `utility_bills` ENABLE KEYS */;
UNLOCK TABLES;

--
-- Table structure for table `waitlist`
--

DROP TABLE IF EXISTS `waitlist`;
/*!40101 SET @saved_cs_client     = @@character_set_client */;
/*!40101 SET character_set_client = utf8 */;
CREATE TABLE `waitlist` (
  `id` int(11) NOT NULL AUTO_INCREMENT,
  `user_id` int(11) NOT NULL,
  `room_type` varchar(50) NOT NULL,
  `created_at` timestamp NOT NULL DEFAULT current_timestamp(),
  `notified_at` varchar(128) NOT NULL,
  PRIMARY KEY (`id`)
) ENGINE=InnoDB AUTO_INCREMENT=3 DEFAULT CHARSET=utf8mb4 COLLATE=utf8mb4_general_ci;
/*!40101 SET character_set_client = @saved_cs_client */;

--
-- Dumping data for table `waitlist`
--

LOCK TABLES `waitlist` WRITE;
/*!40000 ALTER TABLE `waitlist` DISABLE KEYS */;
/*!40000 ALTER TABLE `waitlist` ENABLE KEYS */;
UNLOCK TABLES;
/*!40103 SET TIME_ZONE=@OLD_TIME_ZONE */;

/*!40101 SET SQL_MODE=@OLD_SQL_MODE */;
/*!40014 SET FOREIGN_KEY_CHECKS=@OLD_FOREIGN_KEY_CHECKS */;
/*!40014 SET UNIQUE_CHECKS=@OLD_UNIQUE_CHECKS */;
/*!40101 SET CHARACTER_SET_CLIENT=@OLD_CHARACTER_SET_CLIENT */;
/*!40101 SET CHARACTER_SET_RESULTS=@OLD_CHARACTER_SET_RESULTS */;
/*!40101 SET COLLATION_CONNECTION=@OLD_COLLATION_CONNECTION */;
/*!40111 SET SQL_NOTES=@OLD_SQL_NOTES */;

-- Dump completed on 2026-03-06  1:15:54
