-- MariaDB dump 10.19  Distrib 10.4.32-MariaDB, for Win64 (AMD64)
--
-- Host: localhost    Database: woke_coliving
-- ------------------------------------------------------
-- Server version	10.4.32-MariaDB

/*!40101 SET @OLD_CHARACTER_SET_CLIENT=@@CHARACTER_SET_CLIENT */;
/*!40101 SET @OLD_CHARACTER_SET_RESULTS=@@CHARACTER_SET_RESULTS */;
/*!40101 SET @OLD_COLLATION_CONNECTION=@@COLLATION_CONNECTION */;
/*!40101 SET NAMES utf8mb4 */;
/*!40103 SET @OLD_TIME_ZONE=@@TIME_ZONE */;
/*!40103 SET TIME_ZONE='+00:00' */;
/*!40014 SET @OLD_UNIQUE_CHECKS=@@UNIQUE_CHECKS, UNIQUE_CHECKS=0 */;
/*!40014 SET @OLD_FOREIGN_KEY_CHECKS=@@FOREIGN_KEY_CHECKS, FOREIGN_KEY_CHECKS=0 */;
/*!40101 SET @OLD_SQL_MODE=@@SQL_MODE, SQL_MODE='NO_AUTO_VALUE_ON_ZERO' */;
/*!40111 SET @OLD_SQL_NOTES=@@SQL_NOTES, SQL_NOTES=0 */;

--
-- Table structure for table `activity_logs`
--

DROP TABLE IF EXISTS `activity_logs`;
/*!40101 SET @saved_cs_client     = @@character_set_client */;
/*!40101 SET character_set_client = utf8 */;
CREATE TABLE `activity_logs` (
  `log_id` int(11) NOT NULL AUTO_INCREMENT,
  `user_id` int(11) NOT NULL,
  `action` varchar(100) NOT NULL,
  `details` text DEFAULT NULL,
  `created_at` timestamp NOT NULL DEFAULT current_timestamp(),
  PRIMARY KEY (`log_id`)
) ENGINE=InnoDB AUTO_INCREMENT=52 DEFAULT CHARSET=utf8mb4 COLLATE=utf8mb4_general_ci;
/*!40101 SET character_set_client = @saved_cs_client */;

--
-- Dumping data for table `activity_logs`
--

LOCK TABLES `activity_logs` WRITE;
/*!40000 ALTER TABLE `activity_logs` DISABLE KEYS */;
INSERT INTO `activity_logs` VALUES (1,16,'Lease Signed','Reservation #22','2026-02-07 08:17:42'),(2,16,'Reservation Extended','Room: 6-Bed | Status: Pending','2026-02-07 08:27:32'),(3,17,'Reservation Submitted','Room: 6-Bed | Status: Pending','2026-02-07 08:31:59'),(4,17,'Reservation Approved','Reservation #23 has been approved.','2026-02-07 08:32:05'),(5,17,'Lease Signed','Reservation #23','2026-02-07 08:32:16'),(6,17,'Reservation Extended','Room: 6-Bed | Status: Pending','2026-02-07 08:33:03'),(7,17,'Reservation Extended','Room: 6-Bed | Status: Pending','2026-02-07 08:46:13'),(8,17,'Reservation Approved','Reservation #24 has been approved.','2026-02-07 08:46:22'),(11,17,'Reservation Extended','Room: 6-Bed | Status: Pending','2026-02-07 09:14:06'),(12,17,'Reservation Extended','Contract #24 updated (Merged extension).','2026-02-07 09:14:17'),(13,18,'Reservation Submitted','Room: 4-Bed | Status: Pending','2026-02-07 11:54:14'),(14,18,'Reservation Rejected','Reservation #26 has been cancelled.','2026-02-07 11:54:54'),(15,18,'Reservation Submitted','Room: 6-Bed | Status: Pending','2026-02-07 11:58:40'),(16,18,'Reservation Rejected','Reservation #27 has been cancelled.','2026-02-07 12:00:28'),(17,18,'Reservation Submitted','Room: Single | Status: Pending','2026-02-07 12:05:15'),(18,18,'Reservation Rejected','Reservation #28 has been cancelled.','2026-02-07 12:05:42'),(19,18,'Reservation Submitted','Room: Single | Status: Pending','2026-02-07 12:07:10'),(20,18,'Reservation Approved','Reservation #29 has been approved.','2026-02-07 12:07:20'),(21,18,'Lease Signed','Reservation #29','2026-02-07 12:28:23'),(29,20,'Reservation Submitted','Room: 4-Bed | Status: Pending','2026-02-07 16:52:07'),(30,20,'Reservation Approved','Reservation #31 has been approved.','2026-02-07 16:53:50'),(31,20,'Lease Signed','Reservation #31','2026-02-07 16:54:07'),(35,22,'Reservation Submitted','Room: 4-Bed | Status: Pending','2026-02-07 17:35:30'),(39,22,'Reservation Approved','Reservation #34 has been approved.','2026-02-07 17:36:12'),(40,22,'Lease Signed','Reservation #34','2026-02-07 17:36:32'),(41,16,'Penalty Applied','Late fee of 2.44 applied for Payment #5','2026-02-16 07:31:14'),(42,16,'Penalty Applied','Late fee of 69.98 applied for Payment #11','2026-02-16 07:31:16'),(43,18,'Penalty Applied','Late fee of 235.00 applied for Payment #17','2026-02-16 07:31:18'),(44,18,'Penalty Applied','Late fee of 556.25 applied for Payment #18','2026-02-16 07:31:20'),(45,18,'Penalty Applied','Late fee of 2,100.00 applied for Payment #19','2026-02-16 07:31:22'),(46,18,'Penalty Applied','Late fee of 2,100.00 applied for Payment #20','2026-02-16 07:31:24'),(47,20,'Penalty Applied','Late fee of 1,260.00 applied for Payment #22','2026-02-16 07:31:26'),(48,22,'Penalty Applied','Late fee of 235.00 applied for Payment #25','2026-02-16 07:31:28');
/*!40000 ALTER TABLE `activity_logs` ENABLE KEYS */;
UNLOCK TABLES;

--
-- Table structure for table `admin`
--

DROP TABLE IF EXISTS `admin`;
/*!40101 SET @saved_cs_client     = @@character_set_client */;
/*!40101 SET character_set_client = utf8 */;
CREATE TABLE `admin` (
  `id` int(11) NOT NULL AUTO_INCREMENT,
  `username` varchar(50) NOT NULL,
  `password` varchar(50) NOT NULL,
  PRIMARY KEY (`id`)
) ENGINE=InnoDB AUTO_INCREMENT=3 DEFAULT CHARSET=utf8mb4 COLLATE=utf8mb4_general_ci;
/*!40101 SET character_set_client = @saved_cs_client */;

--
-- Dumping data for table `admin`
--

LOCK TABLES `admin` WRITE;
/*!40000 ALTER TABLE `admin` DISABLE KEYS */;
INSERT INTO `admin` VALUES (1,'admin','admin123');
/*!40000 ALTER TABLE `admin` ENABLE KEYS */;
UNLOCK TABLES;

--
-- Table structure for table `admin_password_history`
--

DROP TABLE IF EXISTS `admin_password_history`;
/*!40101 SET @saved_cs_client     = @@character_set_client */;
/*!40101 SET character_set_client = utf8 */;
CREATE TABLE `admin_password_history` (
  `id` int(11) NOT NULL AUTO_INCREMENT,
  `username` varchar(50) NOT NULL,
  `password` varchar(255) NOT NULL,
  `changed_at` timestamp NOT NULL DEFAULT current_timestamp(),
  PRIMARY KEY (`id`)
) ENGINE=InnoDB DEFAULT CHARSET=utf8mb4 COLLATE=utf8mb4_general_ci;
/*!40101 SET character_set_client = @saved_cs_client */;

--
-- Dumping data for table `admin_password_history`
--

LOCK TABLES `admin_password_history` WRITE;
/*!40000 ALTER TABLE `admin_password_history` DISABLE KEYS */;
/*!40000 ALTER TABLE `admin_password_history` ENABLE KEYS */;
UNLOCK TABLES;

--
-- Table structure for table `housekeeping_requests`
--

DROP TABLE IF EXISTS `housekeeping_requests`;
/*!40101 SET @saved_cs_client     = @@character_set_client */;
/*!40101 SET character_set_client = utf8 */;
CREATE TABLE `housekeeping_requests` (
  `request_id` int(11) NOT NULL AUTO_INCREMENT,
  `user_id` int(11) NOT NULL,
  `room_id` int(11) NOT NULL,
  `description` text NOT NULL,
  `status` enum('Pending','Scheduled','Completed','Cancelled') NOT NULL DEFAULT 'Pending',
  `scheduled_date` date DEFAULT NULL,
  `created_at` timestamp NOT NULL DEFAULT current_timestamp(),
  PRIMARY KEY (`request_id`),
  KEY `user_id` (`user_id`),
  KEY `room_id` (`room_id`),
  CONSTRAINT `fk_hk_room` FOREIGN KEY (`room_id`) REFERENCES `rooms` (`room_id`) ON DELETE CASCADE,
  CONSTRAINT `fk_hk_user` FOREIGN KEY (`user_id`) REFERENCES `users` (`user_id`) ON DELETE CASCADE
) ENGINE=InnoDB AUTO_INCREMENT=6 DEFAULT CHARSET=utf8mb4 COLLATE=utf8mb4_general_ci;
/*!40101 SET character_set_client = @saved_cs_client */;

--
-- Dumping data for table `housekeeping_requests`
--

LOCK TABLES `housekeeping_requests` WRITE;
/*!40000 ALTER TABLE `housekeeping_requests` DISABLE KEYS */;
/*!40000 ALTER TABLE `housekeeping_requests` ENABLE KEYS */;
UNLOCK TABLES;

--
-- Table structure for table `maintenance_requests`
--

DROP TABLE IF EXISTS `maintenance_requests`;
/*!40101 SET @saved_cs_client     = @@character_set_client */;
/*!40101 SET character_set_client = utf8 */;
CREATE TABLE `maintenance_requests` (
  `request_id` int(11) NOT NULL AUTO_INCREMENT,
  `user_id` int(11) NOT NULL,
  `room_id` int(11) NOT NULL,
  `description` text NOT NULL,
  `status` enum('Pending','Scheduled','Completed','Cancelled') DEFAULT 'Pending',
  `scheduled_date` date DEFAULT NULL,
  `created_at` timestamp NOT NULL DEFAULT current_timestamp(),
  PRIMARY KEY (`request_id`),
  KEY `user_id` (`user_id`),
  KEY `room_id` (`room_id`),
  CONSTRAINT `maintenance_requests_ibfk_1` FOREIGN KEY (`user_id`) REFERENCES `users` (`user_id`),
  CONSTRAINT `maintenance_requests_ibfk_2` FOREIGN KEY (`room_id`) REFERENCES `rooms` (`room_id`)
) ENGINE=InnoDB AUTO_INCREMENT=9 DEFAULT CHARSET=utf8mb4 COLLATE=utf8mb4_general_ci;
/*!40101 SET character_set_client = @saved_cs_client */;

--
-- Dumping data for table `maintenance_requests`
--

LOCK TABLES `maintenance_requests` WRITE;
/*!40000 ALTER TABLE `maintenance_requests` DISABLE KEYS */;
INSERT INTO `maintenance_requests` VALUES (5,20,3,'bed broke again','Completed','2026-02-17','2026-02-17 05:29:26'),(6,20,3,'bed broke again','Cancelled',NULL,'2026-02-17 05:29:40'),(7,20,5,'bed broke again','Cancelled',NULL,'2026-02-17 05:30:16'),(8,20,5,'broke','Cancelled','2026-02-17','2026-02-17 05:30:59');
/*!40000 ALTER TABLE `maintenance_requests` ENABLE KEYS */;
UNLOCK TABLES;

--
-- Table structure for table `notifications`
--

DROP TABLE IF EXISTS `notifications`;
/*!40101 SET @saved_cs_client     = @@character_set_client */;
/*!40101 SET character_set_client = utf8 */;
CREATE TABLE `notifications` (
  `id` int(11) NOT NULL AUTO_INCREMENT,
  `user_id` varchar(256) NOT NULL,
  `created_at` varchar(256) NOT NULL,
  `is_read` varchar(256) NOT NULL,
  `message` text NOT NULL,
  `type` varchar(50) DEFAULT 'System',
  PRIMARY KEY (`id`)
) ENGINE=InnoDB AUTO_INCREMENT=23 DEFAULT CHARSET=utf8mb4 COLLATE=utf8mb4_general_ci;
/*!40101 SET character_set_client = @saved_cs_client */;

--
-- Dumping data for table `notifications`
--

LOCK TABLES `notifications` WRITE;
/*!40000 ALTER TABLE `notifications` DISABLE KEYS */;
INSERT INTO `notifications` VALUES (1,'16','','1','âś… <strong>Reservation Received!</strong><br>Your booking for <strong>6-Bed</strong> is now <strong>Pending</strong>. Please wait for admin approval.','Booking Status'),(2,'16','','1','âś… <strong>Reservation Received!</strong><br>Your booking for <strong>6-Bed</strong> is now <strong>Pending</strong>. Please wait for admin approval.','Booking Status'),(3,'16','','','âś… <strong>Reservation Received!</strong><br>Your booking for <strong>6-Bed</strong> is now <strong>Pending</strong>. Please wait for admin approval.','Booking Status'),(4,'17','','1','âś… <strong>Reservation Received!</strong><br>Your booking for <strong>6-Bed</strong> is now <strong>Pending</strong>. Please wait for admin approval.','Booking Status'),(5,'17','','1','âś… <strong>Reservation Received!</strong><br>Your booking for <strong>6-Bed</strong> is now <strong>Pending</strong>. Please wait for admin approval.','Booking Status'),(6,'17','','1','âś… <strong>Reservation Received!</strong><br>Your booking for <strong>6-Bed</strong> is now <strong>Pending</strong>. Please wait for admin approval.','Booking Status'),(7,'17','','1','âś… <strong>Reservation Received!</strong><br>Your booking for <strong>6-Bed</strong> is now <strong>Pending</strong>. Please wait for admin approval.','Booking Status'),(8,'18','','1','âś… <strong>Reservation Received!</strong><br>Your booking for <strong>4-Bed</strong> is now <strong>Pending</strong>. Please wait for admin approval.','Booking Status'),(9,'18','','1','âś… <strong>Reservation Received!</strong><br>Your booking for <strong>6-Bed</strong> is now <strong>Pending</strong>. Please wait for admin approval.','Booking Status'),(10,'18','','1','âś… <strong>Reservation Received!</strong><br>Your booking for <strong>Single</strong> is now <strong>Pending</strong>. Please wait for admin approval.','Booking Status'),(11,'18','','1','âś… <strong>Reservation Received!</strong><br>Your booking for <strong>Single</strong> is now <strong>Pending</strong>. Please wait for admin approval.','Booking Status'),(12,'20','','1','âś… <strong>Reservation Received!</strong><br>Your booking for <strong>4-Bed</strong> is now <strong>Pending</strong>. Please wait for admin approval.','Booking Status'),(13,'22','','','âś… <strong>Reservation Received!</strong><br>Your booking for <strong>4-Bed</strong> is now <strong>Pending</strong>. Please wait for admin approval.','Booking Status'),(14,'16','','','âš ď¸Ź <strong>Late Payment Penalty</strong><br>A penalty of â‚±2.44 has been applied to your account due to overdue payment.','Billing Alert'),(15,'16','','','âš ď¸Ź <strong>Late Payment Penalty</strong><br>A penalty of â‚±69.98 has been applied to your account due to overdue payment.','Billing Alert'),(16,'18','','','âš ď¸Ź <strong>Late Payment Penalty</strong><br>A penalty of â‚±235.00 has been applied to your account due to overdue payment.','Billing Alert'),(17,'18','','','âš ď¸Ź <strong>Late Payment Penalty</strong><br>A penalty of â‚±556.25 has been applied to your account due to overdue payment.','Billing Alert'),(18,'18','','','âš ď¸Ź <strong>Late Payment Penalty</strong><br>A penalty of â‚±2,100.00 has been applied to your account due to overdue payment.','Billing Alert'),(19,'18','','','âš ď¸Ź <strong>Late Payment Penalty</strong><br>A penalty of â‚±2,100.00 has been applied to your account due to overdue payment.','Billing Alert'),(20,'20','','1','âš ď¸Ź <strong>Late Payment Penalty</strong><br>A penalty of â‚±1,260.00 has been applied to your account due to overdue payment.','Billing Alert'),(21,'22','','','âš ď¸Ź <strong>Late Payment Penalty</strong><br>A penalty of â‚±235.00 has been applied to your account due to overdue payment.','Billing Alert');
/*!40000 ALTER TABLE `notifications` ENABLE KEYS */;
UNLOCK TABLES;

--
-- Table structure for table `payments`
--

DROP TABLE IF EXISTS `payments`;
/*!40101 SET @saved_cs_client     = @@character_set_client */;
/*!40101 SET character_set_client = utf8 */;
CREATE TABLE `payments` (
  `payment_id` int(11) NOT NULL AUTO_INCREMENT,
  `reservation_id` int(11) NOT NULL,
  `amount` decimal(10,2) NOT NULL,
  `payment_method` enum('Cash','GCash','Bank Transfer') DEFAULT NULL,
  `payment_status` enum('Unpaid','Paid') DEFAULT 'Unpaid',
  `payment_date` timestamp NULL DEFAULT NULL,
  `reference_number` varchar(100) DEFAULT NULL,
  `proof_image` varchar(255) DEFAULT NULL,
  `description` varchar(255) DEFAULT 'Room Payment',
  `is_penalized` tinyint(1) DEFAULT 0,
  PRIMARY KEY (`payment_id`),
  KEY `reservation_id` (`reservation_id`),
  CONSTRAINT `payments_ibfk_1` FOREIGN KEY (`reservation_id`) REFERENCES `reservations` (`reservation_id`)
) ENGINE=InnoDB AUTO_INCREMENT=36 DEFAULT CHARSET=utf8mb4 COLLATE=utf8mb4_general_ci;
/*!40101 SET character_set_client = @saved_cs_client */;

--
-- Dumping data for table `payments`
--

LOCK TABLES `payments` WRITE;
/*!40000 ALTER TABLE `payments` DISABLE KEYS */;
INSERT INTO `payments` VALUES (5,17,48.78,'Cash','Unpaid','2026-02-06 19:10:21',NULL,NULL,'Room Payment',1),(6,18,35.69,'GCash','Paid','2026-02-07 07:14:48','434423423','1770448488_Gcashqr.jfif','Room Payment',0),(7,19,2099.30,'GCash','Paid','2026-02-07 07:19:31','09876312','1770448771_Gcashqr.jfif','Room Payment',0),(8,20,2799.07,'GCash','Paid','2026-02-07 07:53:55','09876312','1770450835_Gcashqr.jfif','Room Payment',0),(9,21,2799.07,'GCash','Paid','2026-02-07 07:55:23','09876312','1770450923_Gcashqr.jfif','Room Payment',0),(10,22,2799.07,'GCash','Paid','2026-02-07 07:56:54','09876312','1770451014_Gcashqr.jfif','Room Payment',0),(11,22,1399.53,'Cash','Unpaid','2026-02-07 08:05:40',NULL,NULL,'Room Payment',1),(12,22,1199.60,'GCash','Paid','2026-02-07 08:27:30','09876312','1770452850_Gcashqr.jfif','Room Payment',0),(13,23,2099.30,'GCash','Paid','2026-02-07 08:31:57','098763122','1770453117_Gcashqr.jfif','Room Payment',0),(14,23,3098.97,'GCash','Paid','2026-02-07 08:33:01','09876312','1770453181_Gcashqr.jfif','Room Payment',0),(15,24,2899.03,'GCash','Paid','2026-02-07 08:46:11','09876312','1770453971_Gcashqr.jfif','Room Payment',0),(16,24,1699.43,'GCash','Paid','2026-02-07 09:14:04','09876312','1770455644_Gcashqr.jfif','Room Payment',0),(17,26,4700.00,'Cash','Unpaid','2026-02-07 11:54:12',NULL,NULL,'Room Payment',1),(18,27,11125.00,'Cash','Unpaid','2026-02-07 11:58:38',NULL,NULL,'Room Payment',1),(19,28,42000.00,'Cash','Unpaid','2026-02-07 12:05:13',NULL,NULL,'Room Payment',1),(20,29,42000.00,'Cash','Unpaid','2026-02-07 12:07:08',NULL,NULL,'Room Payment',1),(22,31,25200.00,'Cash','Unpaid','2026-02-07 16:52:05',NULL,NULL,'Room Payment',1),(25,34,4700.00,'Cash','Unpaid','2026-02-07 17:35:28',NULL,NULL,'Room Payment',1),(27,17,2.44,'','Unpaid','2026-02-16 07:31:14',NULL,NULL,'Late Penalty (5%) for Payment #5',0),(28,22,69.98,'','Unpaid','2026-02-16 07:31:16',NULL,NULL,'Late Penalty (5%) for Payment #11',0),(29,26,235.00,'','Unpaid','2026-02-16 07:31:18',NULL,NULL,'Late Penalty (5%) for Payment #17',0),(30,27,556.25,'','Unpaid','2026-02-16 07:31:20',NULL,NULL,'Late Penalty (5%) for Payment #18',0),(31,28,2100.00,'','Unpaid','2026-02-16 07:31:22',NULL,NULL,'Late Penalty (5%) for Payment #19',0),(32,29,2100.00,'','Unpaid','2026-02-16 07:31:24',NULL,NULL,'Late Penalty (5%) for Payment #20',0),(33,31,1260.00,'','Unpaid','2026-02-16 07:31:26',NULL,NULL,'Late Penalty (5%) for Payment #22',0),(34,34,235.00,'','Unpaid','2026-02-16 07:31:28',NULL,NULL,'Late Penalty (5%) for Payment #25',0);
/*!40000 ALTER TABLE `payments` ENABLE KEYS */;
UNLOCK TABLES;

--
-- Table structure for table `reservations`
--

DROP TABLE IF EXISTS `reservations`;
/*!40101 SET @saved_cs_client     = @@character_set_client */;
/*!40101 SET character_set_client = utf8 */;
CREATE TABLE `reservations` (
  `reservation_id` int(11) NOT NULL AUTO_INCREMENT,
  `user_id` int(11) NOT NULL,
  `room_id` int(11) NOT NULL,
  `Email` varchar(64) NOT NULL,
  `Phone_number` varchar(64) NOT NULL,
  `months` int(11) NOT NULL,
  `total_price` decimal(10,2) DEFAULT NULL,
  `status` enum('Pending','Approved','Cancelled') DEFAULT 'Pending',
  `created_at` timestamp NOT NULL DEFAULT current_timestamp(),
  `start_date` date DEFAULT NULL,
  `end_date` date DEFAULT NULL,
  `cancellation_reason` text DEFAULT NULL,
  `bed_preference` varchar(50) DEFAULT 'Any',
  `signature_image` varchar(255) DEFAULT NULL,
  `is_archived` varchar(256) NOT NULL,
  `extended_from` int(11) DEFAULT NULL,
  PRIMARY KEY (`reservation_id`),
  KEY `user_id` (`user_id`),
  KEY `room_id` (`room_id`),
  CONSTRAINT `reservations_ibfk_1` FOREIGN KEY (`user_id`) REFERENCES `users` (`user_id`),
  CONSTRAINT `reservations_ibfk_2` FOREIGN KEY (`room_id`) REFERENCES `rooms` (`room_id`)
) ENGINE=InnoDB AUTO_INCREMENT=36 DEFAULT CHARSET=utf8mb4 COLLATE=utf8mb4_general_ci;
/*!40101 SET character_set_client = @saved_cs_client */;

--
-- Dumping data for table `reservations`
--

LOCK TABLES `reservations` WRITE;
/*!40000 ALTER TABLE `reservations` DISABLE KEYS */;
INSERT INTO `reservations` VALUES (17,16,3,'','',1,48.78,'Cancelled','2026-02-06 19:10:21','2026-02-07','2026-02-28',NULL,'Any',NULL,'1',NULL),(18,16,1,'','',1,35.69,'Cancelled','2026-02-07 07:14:48','2026-02-07','2026-02-28',NULL,'Any',NULL,'1',NULL),(19,16,5,'','',1,2099.30,'Approved','2026-02-07 07:19:31','2026-02-07','2026-02-28',NULL,'Lower Bunk','sig_19_1770449840.png','',NULL),(20,16,5,'','',1,2799.07,'Cancelled','2026-02-07 07:53:55','2026-02-28','2026-03-28',NULL,'Lower Bunk',NULL,'1',NULL),(21,16,5,'','',1,2799.07,'Cancelled','2026-02-07 07:55:23','2026-02-28','2026-03-28',NULL,'Lower Bunk',NULL,'1',NULL),(22,16,5,'','',3,5398.20,'Approved','2026-02-07 07:56:54','2026-02-28','2026-04-23',NULL,'Lower Bunk','sig_22_1770452262.png','',NULL),(23,17,5,'','',2,5198.27,'Approved','2026-02-07 08:31:57','2026-02-07','2026-03-31',NULL,'Lower Bunk','sig_23_1770453136.png','',NULL),(24,17,5,'','',2,4598.46,'Approved','2026-02-07 08:46:11','2026-03-31','2026-05-16',NULL,'Lower Bunk','sig_23_1770453136.png','',NULL),(26,18,3,'','',1,4700.00,'Cancelled','2026-02-07 11:54:12','2026-02-07','2026-03-09',NULL,'Lower Bunk',NULL,'1',NULL),(27,18,5,'','',3,11125.00,'Cancelled','2026-02-07 11:58:38','2026-02-07','2026-05-07',NULL,'Upper Bunk',NULL,'1',NULL),(28,18,1,'','',3,42000.00,'Cancelled','2026-02-07 12:05:13','2026-02-07','2026-05-07',NULL,'Any',NULL,'1',NULL),(29,18,1,'','',3,42000.00,'Approved','2026-02-07 12:07:08','2026-02-07','2026-05-07',NULL,'Any','sig_29_1770467303.png','',NULL),(31,20,3,'','',6,25200.00,'Approved','2026-02-07 16:52:05','2026-02-07','2026-08-07',NULL,'Upper Bunk','sig_31_1770483247.png','',NULL),(34,22,3,'','',1,4700.00,'Approved','2026-02-07 17:35:28','2026-02-07','2026-03-07',NULL,'Lower Bunk','sig_34_1770485792.png','',NULL);
/*!40000 ALTER TABLE `reservations` ENABLE KEYS */;
UNLOCK TABLES;

--
-- Table structure for table `room_images`
--

DROP TABLE IF EXISTS `room_images`;
/*!40101 SET @saved_cs_client     = @@character_set_client */;
/*!40101 SET character_set_client = utf8 */;
CREATE TABLE `room_images` (
  `image_id` int(11) NOT NULL AUTO_INCREMENT,
  `room_id` int(11) NOT NULL,
  `image_path` varchar(255) DEFAULT NULL,
  PRIMARY KEY (`image_id`),
  KEY `room_id` (`room_id`),
  CONSTRAINT `room_images_ibfk_1` FOREIGN KEY (`room_id`) REFERENCES `rooms` (`room_id`)
) ENGINE=InnoDB DEFAULT CHARSET=utf8mb4 COLLATE=utf8mb4_general_ci;
/*!40101 SET character_set_client = @saved_cs_client */;

--
-- Dumping data for table `room_images`
--

LOCK TABLES `room_images` WRITE;
/*!40000 ALTER TABLE `room_images` DISABLE KEYS */;
/*!40000 ALTER TABLE `room_images` ENABLE KEYS */;
UNLOCK TABLES;

--
-- Table structure for table `rooms`
--

DROP TABLE IF EXISTS `rooms`;
/*!40101 SET @saved_cs_client     = @@character_set_client */;
/*!40101 SET character_set_client = utf8 */;
CREATE TABLE `rooms` (
  `room_id` int(11) NOT NULL AUTO_INCREMENT,
  `room_name` varchar(100) DEFAULT NULL,
  `room_type` enum('Single','4-Bed','6-Bed') NOT NULL,
  `total_price` decimal(10,2) NOT NULL,
  `total_beds` int(11) NOT NULL,
  `available_beds` int(11) NOT NULL,
  `description` text DEFAULT NULL,
  `image` varchar(255) DEFAULT NULL,
  `status` enum('Available','Full','Maintenance') DEFAULT 'Available',
  `availability` varchar(50) NOT NULL DEFAULT 'Available',
  `price_upper` decimal(10,2) DEFAULT 0.00,
  `price_lower` decimal(10,2) DEFAULT 0.00,
  `floor` int(11) DEFAULT 2,
  `is_archived` tinyint(1) DEFAULT 0,
  PRIMARY KEY (`room_id`)
) ENGINE=InnoDB AUTO_INCREMENT=6 DEFAULT CHARSET=utf8mb4 COLLATE=utf8mb4_general_ci;
/*!40101 SET character_set_client = @saved_cs_client */;

--
-- Dumping data for table `rooms`
--

LOCK TABLES `rooms` WRITE;
/*!40000 ALTER TABLE `rooms` DISABLE KEYS */;
INSERT INTO `rooms` VALUES (1,'Single Bed','Single',14000.00,1,0,NULL,'434612699_2697344013763217_6695140230318829305_n.jpg','Available','Available',0.00,0.00,2,0),(3,'4 Beds','4-Bed',4700.00,8,0,NULL,'553086532_1458289505383792_3468955167122582667_n.jpg','Available','Available',4200.00,4700.00,2,0),(5,'6 Beds','6-Bed',4500.00,6,0,NULL,'502053110_10074917945917331_5607640182378445538_n.jpg','Available','Available',3750.00,4500.00,2,0);
/*!40000 ALTER TABLE `rooms` ENABLE KEYS */;
UNLOCK TABLES;

--
-- Table structure for table `site_settings`
--

DROP TABLE IF EXISTS `site_settings`;
/*!40101 SET @saved_cs_client     = @@character_set_client */;
/*!40101 SET character_set_client = utf8 */;
CREATE TABLE `site_settings` (
  `id` int(11) NOT NULL AUTO_INCREMENT,
  `setting_key` varchar(50) NOT NULL,
  `setting_value` text DEFAULT NULL,
  PRIMARY KEY (`id`),
  UNIQUE KEY `setting_key` (`setting_key`)
) ENGINE=InnoDB AUTO_INCREMENT=126 DEFAULT CHARSET=utf8mb4 COLLATE=utf8mb4_general_ci;
/*!40101 SET character_set_client = @saved_cs_client */;

--
-- Dumping data for table `site_settings`
--

LOCK TABLES `site_settings` WRITE;
/*!40000 ALTER TABLE `site_settings` DISABLE KEYS */;
INSERT INTO `site_settings` VALUES (1,'hero_image','[\"1770447047_hero.png\",\"1770471778_hero_edit.png\",\"1770447312_hero_edit.png\"]'),(125,'living_area_image','living_area_1770486291.jpg');
/*!40000 ALTER TABLE `site_settings` ENABLE KEYS */;
UNLOCK TABLES;

--
-- Table structure for table `temporary_moves`
--

DROP TABLE IF EXISTS `temporary_moves`;
/*!40101 SET @saved_cs_client     = @@character_set_client */;
/*!40101 SET character_set_client = utf8 */;
CREATE TABLE `temporary_moves` (
  `id` int(11) NOT NULL AUTO_INCREMENT,
  `reservation_id` int(11) NOT NULL,
  `original_room_id` int(11) NOT NULL,
  `temp_room_id` int(11) NOT NULL,
  `move_date` datetime DEFAULT current_timestamp(),
  `status` enum('Active','Returned') DEFAULT 'Active',
  PRIMARY KEY (`id`)
) ENGINE=InnoDB AUTO_INCREMENT=6 DEFAULT CHARSET=utf8mb4 COLLATE=utf8mb4_general_ci;
/*!40101 SET character_set_client = @saved_cs_client */;

--
-- Dumping data for table `temporary_moves`
--

LOCK TABLES `temporary_moves` WRITE;
/*!40000 ALTER TABLE `temporary_moves` DISABLE KEYS */;
INSERT INTO `temporary_moves` VALUES (5,31,3,5,'2026-02-17 13:30:07','Returned');
/*!40000 ALTER TABLE `temporary_moves` ENABLE KEYS */;
UNLOCK TABLES;

--
-- Table structure for table `users`
--

DROP TABLE IF EXISTS `users`;
/*!40101 SET @saved_cs_client     = @@character_set_client */;
/*!40101 SET character_set_client = utf8 */;
CREATE TABLE `users` (
  `user_id` int(11) NOT NULL AUTO_INCREMENT,
  `full_name` varchar(100) NOT NULL,
  `email` varchar(100) NOT NULL,
  `phone_number` varchar(20) DEFAULT NULL,
  `phone` varchar(20) DEFAULT NULL,
  `password` varchar(255) NOT NULL,
  `role` enum('guest','admin') DEFAULT 'guest',
  `created_at` timestamp NOT NULL DEFAULT current_timestamp(),
  `is_archived` varchar(256) NOT NULL,
  `do_not_renew` tinyint(1) DEFAULT 0,
  `gender` varchar(20) DEFAULT NULL,
  `reset_token` varchar(255) DEFAULT NULL,
  `reset_expiry` datetime DEFAULT NULL,
  PRIMARY KEY (`user_id`),
  UNIQUE KEY `email` (`email`)
) ENGINE=InnoDB AUTO_INCREMENT=25 DEFAULT CHARSET=utf8mb4 COLLATE=utf8mb4_general_ci;
/*!40101 SET character_set_client = @saved_cs_client */;

--
-- Dumping data for table `users`
--

LOCK TABLES `users` WRITE;
/*!40000 ALTER TABLE `users` DISABLE KEYS */;
INSERT INTO `users` VALUES (12,'bryan','nicle@gmail.com','09673101356',NULL,'$2y$10$KNndQy2NC0daPij1yMSbgeokMHXVHITVG1.1v4IGBZlpxad9OLsZy','guest','2026-02-05 12:23:10','',0,NULL,NULL,NULL),(16,'takerman','6takerman@gmail.com','0962734444',NULL,'$2y$10$fEHRwXCIO8w7l4GsytLu..2yslNSsMyBA1gX6kq5qzxk2GNCRyycC','guest','2026-02-06 19:07:39','',0,NULL,NULL,NULL),(17,'Stephen Squad','stephenpogi3@gmail.com','096273444422',NULL,'$2y$10$mSxyWyYo.ysMEVQTxxgXnOgdc0sfqeo1fQJ.bxm/zlheDl.6lct4m','guest','2026-02-07 08:31:10','',0,NULL,NULL,NULL),(18,'Stephen Squad PH','stephensquad@gmail.com','0962734448',NULL,'$2y$10$nXqhn7HQqJzDNGw80dRLgu88Sj3LUSuciYf0q25kcLn8vk4tsR8MS','guest','2026-02-07 10:14:17','',0,'Male',NULL,NULL),(20,'Tysoni','tysonicrosini@gmail.com','096273444422',NULL,'$2y$10$0Ph1WpbJiA5FG/0RANtJA.Kt8EoFeP8b1KhyC6T1e9DJymZETlWkW','guest','2026-02-07 16:51:13','',0,'Male',NULL,NULL),(21,'Alavino Alamano','alvino@gmail.com','097672634',NULL,'$2y$10$RYf9TDuYiF6.vkf3PHmHpOKM5AtOXTn/hGhmbx6ZFt2F/Tofc7Ima','guest','2026-02-07 17:18:08','',0,NULL,NULL,NULL),(22,'Marwino Santiano','marwino@gmail.com','0928777631',NULL,'$2y$10$PxwxG0Ew2UCPF61DCWM5ueCoIg0e/t0pIpwbakmegSTLUSFm7yhTy','guest','2026-02-07 17:34:52','',0,'Male',NULL,NULL),(23,'Bryan Tyson','bryantyson@gmail.com','0962734499',NULL,'$2y$10$pYj/evqFbZJlv6jT7c18CeZsCQ1cjryz7gMpHbcDrHZ4hDLmt6tTG','guest','2026-02-17 05:43:14','',0,NULL,NULL,NULL);
/*!40000 ALTER TABLE `users` ENABLE KEYS */;
UNLOCK TABLES;

--
-- Table structure for table `utility_bills`
--

DROP TABLE IF EXISTS `utility_bills`;
/*!40101 SET @saved_cs_client     = @@character_set_client */;
/*!40101 SET character_set_client = utf8 */;
CREATE TABLE `utility_bills` (
  `id` int(11) NOT NULL AUTO_INCREMENT,
  `reservation_id` int(11) NOT NULL,
  `bill_date` date NOT NULL,
  `electric_start` decimal(10,2) DEFAULT 0.00,
  `electric_end` decimal(10,2) DEFAULT 0.00,
  `electric_rate` decimal(10,2) DEFAULT 0.00,
  `water_start` decimal(10,2) DEFAULT 0.00,
  `water_end` decimal(10,2) DEFAULT 0.00,
  `water_rate` decimal(10,2) DEFAULT 0.00,
  `total_amount` decimal(10,2) NOT NULL,
  `created_at` timestamp NOT NULL DEFAULT current_timestamp(),
  PRIMARY KEY (`id`)
) ENGINE=InnoDB DEFAULT CHARSET=utf8mb4 COLLATE=utf8mb4_general_ci;
/*!40101 SET character_set_client = @saved_cs_client */;

--
-- Dumping data for table `utility_bills`
--

LOCK TABLES `utility_bills` WRITE;
/*!40000 ALTER TABLE `utility_bills` DISABLE KEYS */;
/*!40000 ALTER TABLE `utility_bills` ENABLE KEYS */;
UNLOCK TABLES;

--
-- Table structure for table `waitlist`
--

DROP TABLE IF EXISTS `waitlist`;
/*!40101 SET @saved_cs_client     = @@character_set_client */;
/*!40101 SET character_set_client = utf8 */;
CREATE TABLE `waitlist` (
  `id` int(11) NOT NULL AUTO_INCREMENT,
  `user_id` int(11) NOT NULL,
  `room_type` varchar(50) NOT NULL,
  `created_at` timestamp NOT NULL DEFAULT current_timestamp(),
  PRIMARY KEY (`id`)
) ENGINE=InnoDB AUTO_INCREMENT=2 DEFAULT CHARSET=utf8mb4 COLLATE=utf8mb4_general_ci;
/*!40101 SET character_set_client = @saved_cs_client */;

--
-- Dumping data for table `waitlist`
--

LOCK TABLES `waitlist` WRITE;
/*!40000 ALTER TABLE `waitlist` DISABLE KEYS */;
INSERT INTO `waitlist` VALUES (1,16,'6-Bed','2026-02-07 07:13:49');
/*!40000 ALTER TABLE `waitlist` ENABLE KEYS */;
UNLOCK TABLES;
/*!40103 SET TIME_ZONE=@OLD_TIME_ZONE */;

/*!40101 SET SQL_MODE=@OLD_SQL_MODE */;
/*!40014 SET FOREIGN_KEY_CHECKS=@OLD_FOREIGN_KEY_CHECKS */;
/*!40014 SET UNIQUE_CHECKS=@OLD_UNIQUE_CHECKS */;
/*!40101 SET CHARACTER_SET_CLIENT=@OLD_CHARACTER_SET_CLIENT */;
/*!40101 SET CHARACTER_SET_RESULTS=@OLD_CHARACTER_SET_RESULTS */;
/*!40101 SET COLLATION_CONNECTION=@OLD_COLLATION_CONNECTION */;
/*!40111 SET SQL_NOTES=@OLD_SQL_NOTES */;

-- Dump completed on 2026-02-21 13:47:10
